trial,condition,set_size,target_present,item_index,x,y,colour,shape,is_target
1,colour,9,yes,0,0.2935,1.4610,blue,circle,no
1,colour,9,yes,1,0.2649,2.3593,blue,circle,no
1,colour,9,yes,2,1.5027,2.2633,blue,circle,no
1,colour,9,yes,3,1.3494,1.5749,blue,circle,no
1,colour,9,yes,4,2.5225,2.3602,blue,circle,no
1,colour,9,yes,5,2.5446,0.6547,blue,circle,no
1,colour,9,yes,6,2.2532,1.6529,blue,circle,no
1,colour,9,yes,7,0.5991,0.4201,blue,circle,no
1,colour,9,yes,8,1.3277,0.7286,red,circle,yes
2,colour,9,yes,0,1.6149,1.5181,red,circle,yes
2,colour,9,yes,1,2.7366,2.4393,blue,circle,no
2,colour,9,yes,2,1.5260,2.6647,blue,circle,no
2,colour,9,yes,3,2.5593,0.6809,blue,circle,no
2,colour,9,yes,4,0.5387,2.6023,blue,circle,no
2,colour,9,yes,5,0.2729,1.3639,blue,circle,no
2,colour,9,yes,6,0.3947,0.2899,blue,circle,no
2,colour,9,yes,7,1.3664,0.3005,blue,circle,no
2,colour,9,yes,8,2.3890,1.5678,blue,circle,no
3,colour,9,yes,0,1.5171,1.3724,blue,circle,no
3,colour,9,yes,1,0.4811,0.3850,blue,circle,no
3,colour,9,yes,2,0.7127,1.5941,red,circle,yes
3,colour,9,yes,3,2.3598,2.4121,blue,circle,no
3,colour,9,yes,4,1.6342,0.2780,blue,circle,no
3,colour,9,yes,5,0.6609,2.6525,blue,circle,no
3,colour,9,yes,6,1.4506,2.2831,blue,circle,no
3,colour,9,yes,7,2.7066,0.5336,blue,circle,no
3,colour,9,yes,8,2.6090,1.3563,blue,circle,no
4,colour,9,no,0,1.6225,1.5195,blue,circle,no
4,colour,9,no,1,2.6235,2.4642,blue,circle,no
4,colour,9,no,2,0.5418,0.4310,blue,circle,no
4,colour,9,no,3,2.7487,0.3192,blue,circle,no
4,colour,9,no,4,1.4968,0.6279,blue,circle,no
4,colour,9,no,5,0.6806,1.3264,blue,circle,no
4,colour,9,no,6,2.3300,1.5902,blue,circle,no
4,colour,9,no,7,0.5482,2.4424,blue,circle,no
4,colour,9,no,8,1.5479,2.4840,blue,circle,no
5,colour,9,no,0,2.3058,2.4674,blue,circle,no
5,colour,9,no,1,1.4769,0.7269,blue,circle,no
5,colour,9,no,2,0.6879,1.3817,blue,circle,no
5,colour,9,no,3,2.5003,0.3393,blue,circle,no
5,colour,9,no,4,1.7063,2.6853,blue,circle,no
5,colour,9,no,5,0.3992,2.5695,blue,circle,no
5,colour,9,no,6,2.5545,1.3264,blue,circle,no
5,colour,9,no,7,0.6313,0.5197,blue,circle,no
5,colour,9,no,8,1.6393,1.5152,blue,circle,no
6,colour,9,no,0,0.2790,2.6890,blue,circle,no
6,colour,9,no,1,1.7235,1.2928,blue,circle,no
6,colour,9,no,2,1.4930,0.2846,blue,circle,no
6,colour,9,no,3,2.6303,0.6329,blue,circle,no
6,colour,9,no,4,1.3142,2.4876,blue,circle,no
6,colour,9,no,5,2.5249,2.3825,blue,circle,no
6,colour,9,no,6,0.6862,1.4616,blue,circle,no
6,colour,9,no,7,2.3559,1.5196,blue,circle,no
6,colour,9,no,8,0.6150,0.3506,blue,circle,no
7,colour,16,yes,0,3.2536,2.6039,blue,circle,no
7,colour,16,yes,1,3.2794,0.2837,blue,circle,no
7,colour,16,yes,2,0.2657,1.4152,blue,circle,no
7,colour,16,yes,3,2.5071,0.3892,blue,circle,no
7,colour,16,yes,4,0.4927,0.5196,blue,circle,no
7,colour,16,yes,5,2.6117,3.6912,blue,circle,no
7,colour,16,yes,6,3.5381,3.3715,blue,circle,no
7,colour,16,yes,7,1.4865,0.4535,red,circle,yes
7,colour,16,yes,8,0.2972,3.5795,blue,circle,no
7,colour,16,yes,9,0.4271,2.4556,blue,circle,no
7,colour,16,yes,10,3.6819,1.2771,blue,circle,no
7,colour,16,yes,11,1.5767,1.5731,blue,circle,no
7,colour,16,yes,12,1.2803,3.6141,blue,circle,no
7,colour,16,yes,13,2.6503,2.3046,blue,circle,no
7,colour,16,yes,14,2.3458,1.5181,blue,circle,no
7,colour,16,yes,15,1.3201,2.3417,blue,circle,no
8,colour,16,yes,0,2.6823,1.7012,blue,circle,no
8,colour,16,yes,1,2.3323,0.2511,blue,circle,no
8,colour,16,yes,2,0.4452,1.7133,blue,circle,no
8,colour,16,yes,3,3.6426,3.3926,blue,circle,no
8,colour,16,yes,4,1.5983,1.6153,blue,circle,no
8,colour,16,yes,5,1.6417,2.5809,blue,circle,no
8,colour,16,yes,6,3.4933,2.3449,red,circle,yes
8,colour,16,yes,7,2.3589,2.2792,blue,circle,no
8,colour,16,yes,8,0.6179,0.2805,blue,circle,no
8,colour,16,yes,9,0.4068,3.2751,blue,circle,no
8,colour,16,yes,10,0.4884,2.7097,blue,circle,no
8,colour,16,yes,11,3.5156,1.2784,blue,circle,no
8,colour,16,yes,12,1.5039,0.6757,blue,circle,no
8,colour,16,yes,13,1.2843,3.2840,blue,circle,no
8,colour,16,yes,14,3.6809,0.4519,blue,circle,no
8,colour,16,yes,15,2.7208,3.5348,blue,circle,no
9,colour,16,yes,0,0.5858,0.4000,blue,circle,no
9,colour,16,yes,1,0.4081,1.6259,blue,circle,no
9,colour,16,yes,2,3.2863,0.4791,blue,circle,no
9,colour,16,yes,3,3.7492,1.7480,blue,circle,no
9,colour,16,yes,4,0.2866,3.3566,red,circle,yes
9,colour,16,yes,5,1.3826,3.7166,blue,circle,no
9,colour,16,yes,6,2.6904,0.6896,blue,circle,no
9,colour,16,yes,7,1.4348,1.3289,blue,circle,no
9,colour,16,yes,8,0.6669,2.6018,blue,circle,no
9,colour,16,yes,9,3.5558,2.7436,blue,circle,no
9,colour,16,yes,10,2.5770,3.2539,blue,circle,no
9,colour,16,yes,11,2.6586,2.3997,blue,circle,no
9,colour,16,yes,12,2.5817,1.7195,blue,circle,no
9,colour,16,yes,13,3.3171,3.3077,blue,circle,no
9,colour,16,yes,14,1.3035,2.5266,blue,circle,no
9,colour,16,yes,15,1.3862,0.5524,blue,circle,no
10,colour,16,no,0,1.4168,0.3154,blue,circle,no
10,colour,16,no,1,0.7399,3.3308,blue,circle,no
10,colour,16,no,2,2.4709,1.6028,blue,circle,no
10,colour,16,no,3,2.5305,0.3059,blue,circle,no
10,colour,16,no,4,2.7225,3.5955,blue,circle,no
10,colour,16,no,5,1.3245,1.2680,blue,circle,no
10,colour,16,no,6,1.4346,2.5263,blue,circle,no
10,colour,16,no,7,0.4649,0.2709,blue,circle,no
10,colour,16,no,8,3.4323,2.7165,blue,circle,no
10,colour,16,no,9,3.7361,1.2699,blue,circle,no
10,colour,16,no,10,0.4289,2.5910,blue,circle,no
10,colour,16,no,11,0.5835,1.4268,blue,circle,no
10,colour,16,no,12,1.5299,3.6874,blue,circle,no
10,colour,16,no,13,3.7369,3.6247,blue,circle,no
10,colour,16,no,14,3.7129,0.3684,blue,circle,no
10,colour,16,no,15,2.3313,2.6499,blue,circle,no
11,colour,16,no,0,3.3612,2.6583,blue,circle,no
11,colour,16,no,1,1.4802,2.4026,blue,circle,no
11,colour,16,no,2,3.6477,1.3638,blue,circle,no
11,colour,16,no,3,0.2618,2.3466,blue,circle,no
11,colour,16,no,4,0.4141,3.6822,blue,circle,no
11,colour,16,no,5,2.7334,2.3896,blue,circle,no
11,colour,16,no,6,1.5707,0.4498,blue,circle,no
11,colour,16,no,7,0.7406,1.5181,blue,circle,no
11,colour,16,no,8,3.7196,0.3077,blue,circle,no
11,colour,16,no,9,1.7352,3.3393,blue,circle,no
11,colour,16,no,10,3.7313,3.3827,blue,circle,no
11,colour,16,no,11,2.3042,0.4673,blue,circle,no
11,colour,16,no,12,0.6143,0.4068,blue,circle,no
11,colour,16,no,13,2.5531,1.5057,blue,circle,no
11,colour,16,no,14,2.4426,3.5383,blue,circle,no
11,colour,16,no,15,1.3774,1.6044,blue,circle,no
12,colour,16,no,0,1.6099,0.4002,blue,circle,no
12,colour,16,no,1,3.4046,1.4542,blue,circle,no
12,colour,16,no,2,1.4512,2.3978,blue,circle,no
12,colour,16,no,3,0.3136,1.4602,blue,circle,no
12,colour,16,no,4,2.7202,0.5887,blue,circle,no
12,colour,16,no,5,1.7014,3.5578,blue,circle,no
12,colour,16,no,6,3.4005,3.5240,blue,circle,no
12,colour,16,no,7,2.2502,1.3935,blue,circle,no
12,colour,16,no,8,1.4649,1.5400,blue,circle,no
12,colour,16,no,9,3.5774,0.4825,blue,circle,no
12,colour,16,no,10,3.4711,2.3569,blue,circle,no
12,colour,16,no,11,2.4866,2.7006,blue,circle,no
12,colour,16,no,12,2.6480,3.3348,blue,circle,no
12,colour,16,no,13,0.2924,3.5077,blue,circle,no
12,colour,16,no,14,0.5665,2.4176,blue,circle,no
12,colour,16,no,15,0.6592,0.6256,blue,circle,no
13,colour,25,yes,0,1.6521,3.5980,blue,circle,no
13,colour,25,yes,1,2.4823,2.5287,blue,circle,no
13,colour,25,yes,2,0.7087,1.3107,blue,circle,no
13,colour,25,yes,3,0.3167,4.4823,blue,circle,no
13,colour,25,yes,4,4.5156,3.5295,blue,circle,no
13,colour,25,yes,5,3.4086,1.6276,red,circle,yes
13,colour,25,yes,6,3.4713,3.6575,blue,circle,no
13,colour,25,yes,7,1.6960,2.4634,blue,circle,no
13,colour,25,yes,8,4.7034,2.4730,blue,circle,no
13,colour,25,yes,9,3.3296,2.6807,blue,circle,no
13,colour,25,yes,10,3.4750,0.6259,blue,circle,no
13,colour,25,yes,11,3.6699,4.3887,blue,circle,no
13,colour,25,yes,12,0.6388,2.4923,blue,circle,no
13,colour,25,yes,13,4.3696,4.4699,blue,circle,no
13,colour,25,yes,14,2.6068,3.3672,blue,circle,no
13,colour,25,yes,15,2.4179,0.6965,blue,circle,no
13,colour,25,yes,16,0.2903,3.3254,blue,circle,no
13,colour,25,yes,17,2.4415,4.3264,blue,circle,no
13,colour,25,yes,18,1.3570,0.4574,blue,circle,no
13,colour,25,yes,19,0.4154,0.4830,blue,circle,no
13,colour,25,yes,20,4.2811,0.6664,blue,circle,no
13,colour,25,yes,21,1.4447,1.6349,blue,circle,no
13,colour,25,yes,22,2.7230,1.2598,blue,circle,no
13,colour,25,yes,23,4.6903,1.5378,blue,circle,no
13,colour,25,yes,24,1.4885,4.7214,blue,circle,no
14,colour,25,yes,0,0.5714,4.3178,blue,circle,no
14,colour,25,yes,1,3.4808,0.2751,blue,circle,no
14,colour,25,yes,2,4.4396,4.3558,red,circle,yes
14,colour,25,yes,3,3.4134,4.6306,blue,circle,no
14,colour,25,yes,4,0.4396,2.6260,blue,circle,no
14,colour,25,yes,5,4.6660,0.3761,blue,circle,no
14,colour,25,yes,6,1.2910,0.2597,blue,circle,no
14,colour,25,yes,7,2.5197,4.7500,blue,circle,no
14,colour,25,yes,8,2.4250,0.5751,blue,circle,no
14,colour,25,yes,9,1.6406,2.5759,blue,circle,no
14,colour,25,yes,10,0.6271,1.7248,blue,circle,no
14,colour,25,yes,11,4.3497,2.2602,blue,circle,no
14,colour,25,yes,12,0.3262,0.3131,blue,circle,no
14,colour,25,yes,13,1.5847,3.5320,blue,circle,no
14,colour,25,yes,14,1.3590,1.5997,blue,circle,no
14,colour,25,yes,15,3.6334,1.3339,blue,circle,no
14,colour,25,yes,16,3.5536,3.6240,blue,circle,no
14,colour,25,yes,17,0.3073,3.6597,blue,circle,no
14,colour,25,yes,18,2.7324,1.3040,blue,circle,no
14,colour,25,yes,19,4.2628,3.4060,blue,circle,no
14,colour,25,yes,20,1.5887,4.7291,blue,circle,no
14,colour,25,yes,21,2.4483,3.6075,blue,circle,no
14,colour,25,yes,22,3.2880,2.5953,blue,circle,no
14,colour,25,yes,23,2.5636,2.3010,blue,circle,no
14,colour,25,yes,24,4.6362,1.6751,blue,circle,no
15,colour,25,yes,0,4.6541,2.5191,blue,circle,no
15,colour,25,yes,1,4.4917,0.4678,blue,circle,no
15,colour,25,yes,2,1.6155,3.3842,blue,circle,no
15,colour,25,yes,3,4.6759,1.6654,blue,circle,no
15,colour,25,yes,4,3.2933,4.6908,blue,circle,no
15,colour,25,yes,5,0.3719,3.4824,blue,circle,no
15,colour,25,yes,6,3.5552,1.4395,blue,circle,no
15,colour,25,yes,7,4.2643,4.6755,blue,circle,no
15,colour,25,yes,8,0.3409,1.3561,blue,circle,no
15,colour,25,yes,9,2.6489,2.4202,blue,circle,no
15,colour,25,yes,10,1.6902,4.6006,blue,circle,no
15,colour,25,yes,11,2.3881,1.2551,blue,circle,no
15,colour,25,yes,12,1.7240,1.2928,blue,circle,no
15,colour,25,yes,13,2.6100,4.4943,blue,circle,no
15,colour,25,yes,14,0.6291,0.5953,blue,circle,no
15,colour,25,yes,15,0.5730,2.4954,blue,circle,no
15,colour,25,yes,16,2.6465,0.2965,blue,circle,no
15,colour,25,yes,17,0.3608,4.5959,blue,circle,no
15,colour,25,yes,18,3.4031,2.5408,blue,circle,no
15,colour,25,yes,19,2.4866,3.5155,red,circle,yes
15,colour,25,yes,20,1.4628,2.6230,blue,circle,no
15,colour,25,yes,21,1.4154,0.6014,blue,circle,no
15,colour,25,yes,22,3.3855,3.3757,blue,circle,no
15,colour,25,yes,23,3.3103,0.3463,blue,circle,no
15,colour,25,yes,24,4.3098,3.5179,blue,circle,no
16,colour,25,no,0,0.5267,4.5987,blue,circle,no
16,colour,25,no,1,1.3131,2.6842,blue,circle,no
16,colour,25,no,2,2.4954,1.6864,blue,circle,no
16,colour,25,no,3,2.5370,3.4847,blue,circle,no
16,colour,25,no,4,1.4702,0.3422,blue,circle,no
16,colour,25,no,5,3.2757,3.7205,blue,circle,no
16,colour,25,no,6,0.4889,2.6611,blue,circle,no
16,colour,25,no,7,0.4504,0.2870,blue,circle,no
16,colour,25,no,8,2.5647,2.2768,blue,circle,no
16,colour,25,no,9,2.3246,0.5314,blue,circle,no
16,colour,25,no,10,3.4019,4.7470,blue,circle,no
16,colour,25,no,11,4.3092,2.6322,blue,circle,no
16,colour,25,no,12,4.5532,0.6454,blue,circle,no
16,colour,25,no,13,4.3628,3.5113,blue,circle,no
16,colour,25,no,14,3.4753,2.4714,blue,circle,no
16,colour,25,no,15,3.6801,0.7450,blue,circle,no
16,colour,25,no,16,4.4027,1.5605,blue,circle,no
16,colour,25,no,17,1.5548,3.6200,blue,circle,no
16,colour,25,no,18,3.7238,1.3539,blue,circle,no
16,colour,25,no,19,0.3555,3.5802,blue,circle,no
16,colour,25,no,20,1.3285,4.3369,blue,circle,no
16,colour,25,no,21,1.2875,1.2513,blue,circle,no
16,colour,25,no,22,0.4753,1.5469,blue,circle,no
16,colour,25,no,23,2.3956,4.3657,blue,circle,no
16,colour,25,no,24,4.6035,4.6015,blue,circle,no
17,colour,25,no,0,1.4843,3.4020,blue,circle,no
17,colour,25,no,1,4.4513,1.3861,blue,circle,no
17,colour,25,no,2,4.5200,4.4689,blue,circle,no
17,colour,25,no,3,0.5490,4.6947,blue,circle,no
17,colour,25,no,4,4.6173,3.5519,blue,circle,no
17,colour,25,no,5,0.2629,1.3645,blue,circle,no
17,colour,25,no,6,0.5871,3.6803,blue,circle,no
17,colour,25,no,7,2.5436,2.2604,blue,circle,no
17,colour,25,no,8,1.6324,2.6607,blue,circle,no
17,colour,25,no,9,0.5381,0.6316,blue,circle,no
17,colour,25,no,10,1.3376,0.5095,blue,circle,no
17,colour,25,no,11,2.4711,3.3891,blue,circle,no
17,colour,25,no,12,4.7485,0.4679,blue,circle,no
17,colour,25,no,13,3.6571,4.7345,blue,circle,no
17,colour,25,no,14,0.4850,2.4542,blue,circle,no
17,colour,25,no,15,2.4105,4.3023,blue,circle,no
17,colour,25,no,16,3.3304,0.4558,blue,circle,no
17,colour,25,no,17,3.4977,2.5813,blue,circle,no
17,colour,25,no,18,1.4502,1.6302,blue,circle,no
17,colour,25,no,19,3.2683,3.2940,blue,circle,no
17,colour,25,no,20,3.3762,1.3080,blue,circle,no
17,colour,25,no,21,2.6363,1.6825,blue,circle,no
17,colour,25,no,22,1.6625,4.2506,blue,circle,no
17,colour,25,no,23,2.6847,0.4810,blue,circle,no
17,colour,25,no,24,4.2771,2.5092,blue,circle,no
18,colour,25,no,0,3.7461,2.7065,blue,circle,no
18,colour,25,no,1,4.4807,4.3087,blue,circle,no
18,colour,25,no,2,0.6661,1.4992,blue,circle,no
18,colour,25,no,3,3.6083,3.5044,blue,circle,no
18,colour,25,no,4,0.3867,2.6674,blue,circle,no
18,colour,25,no,5,1.7401,3.3719,blue,circle,no
18,colour,25,no,6,2.5256,2.4418,blue,circle,no
18,colour,25,no,7,2.7109,0.5041,blue,circle,no
18,colour,25,no,8,3.6897,0.6820,blue,circle,no
18,colour,25,no,9,3.3881,4.6450,blue,circle,no
18,colour,25,no,10,0.4575,0.7171,blue,circle,no
18,colour,25,no,11,2.5039,4.6603,blue,circle,no
18,colour,25,no,12,1.3914,4.3993,blue,circle,no
18,colour,25,no,13,1.5435,2.7495,blue,circle,no
18,colour,25,no,14,2.4948,1.3243,blue,circle,no
18,colour,25,no,15,4.5193,1.4226,blue,circle,no
18,colour,25,no,16,4.5260,0.5217,blue,circle,no
18,colour,25,no,17,2.4777,3.4109,blue,circle,no
18,colour,25,no,18,3.3443,1.5987,blue,circle,no
18,colour,25,no,19,1.5359,1.3668,blue,circle,no
18,colour,25,no,20,1.6378,0.2718,blue,circle,no
18,colour,25,no,21,4.6224,2.6026,blue,circle,no
18,colour,25,no,22,0.6557,4.4430,blue,circle,no
18,colour,25,no,23,0.5818,3.6604,blue,circle,no
18,colour,25,no,24,4.7404,3.4977,blue,circle,no
19,colour,36,yes,0,3.5656,5.7105,blue,circle,no
19,colour,36,yes,1,1.7487,3.6234,blue,circle,no
19,colour,36,yes,2,1.4670,1.2992,blue,circle,no
19,colour,36,yes,3,0.5669,4.6863,blue,circle,no
19,colour,36,yes,4,5.4718,4.5970,blue,circle,no
19,colour,36,yes,5,1.7017,4.2730,blue,circle,no
19,colour,36,yes,6,0.6481,3.3967,blue,circle,no
19,colour,36,yes,7,0.4374,2.3228,blue,circle,no
19,colour,36,yes,8,2.5156,4.5330,blue,circle,no
19,colour,36,yes,9,5.6463,0.3350,blue,circle,no
19,colour,36,yes,10,1.2895,0.6854,blue,circle,no
19,colour,36,yes,11,5.5599,2.3704,blue,circle,no
19,colour,36,yes,12,1.7064,5.3216,blue,circle,no
19,colour,36,yes,13,5.4806,1.3770,blue,circle,no
19,colour,36,yes,14,3.3777,1.2547,blue,circle,no
19,colour,36,yes,15,4.6523,1.7006,red,circle,yes
19,colour,36,yes,16,4.5888,5.3290,blue,circle,no
19,colour,36,yes,17,3.4709,2.4228,blue,circle,no
19,colour,36,yes,18,5.5438,5.5695,blue,circle,no
19,colour,36,yes,19,4.4622,3.3750,blue,circle,no
19,colour,36,yes,20,2.6727,3.3496,blue,circle,no
19,colour,36,yes,21,1.4423,2.4916,blue,circle,no
19,colour,36,yes,22,4.3686,0.5360,blue,circle,no
19,colour,36,yes,23,5.5374,3.7463,blue,circle,no
19,colour,36,yes,24,0.3976,0.7390,blue,circle,no
19,colour,36,yes,25,4.5791,4.3872,blue,circle,no
19,colour,36,yes,26,4.5330,2.5929,blue,circle,no
19,colour,36,yes,27,3.6223,0.2745,blue,circle,no
19,colour,36,yes,28,2.5532,2.4984,blue,circle,no
19,colour,36,yes,29,0.7021,5.3931,blue,circle,no
19,colour,36,yes,30,3.6494,4.5535,blue,circle,no
19,colour,36,yes,31,0.4262,1.5683,blue,circle,no
19,colour,36,yes,32,3.5604,3.5889,blue,circle,no
19,colour,36,yes,33,2.6105,5.5796,blue,circle,no
19,colour,36,yes,34,2.6692,1.5641,blue,circle,no
19,colour,36,yes,35,2.7017,0.5732,blue,circle,no
20,colour,36,yes,0,2.3822,3.3118,red,circle,yes
20,colour,36,yes,1,3.4343,4.6245,blue,circle,no
20,colour,36,yes,2,0.3811,0.4405,blue,circle,no
20,colour,36,yes,3,0.5693,5.4357,blue,circle,no
20,colour,36,yes,4,3.5874,0.4857,blue,circle,no
20,colour,36,yes,5,2.5598,4.7216,blue,circle,no
20,colour,36,yes,6,3.4140,2.5550,blue,circle,no
20,colour,36,yes,7,4.5738,5.5677,blue,circle,no
20,colour,36,yes,8,0.4821,2.6005,blue,circle,no
20,colour,36,yes,9,1.5746,0.3083,blue,circle,no
20,colour,36,yes,10,0.2727,3.2686,blue,circle,no
20,colour,36,yes,11,4.7480,3.3081,blue,circle,no
20,colour,36,yes,12,1.3674,1.5188,blue,circle,no
20,colour,36,yes,13,1.4443,4.4355,blue,circle,no
20,colour,36,yes,14,2.7247,2.5982,blue,circle,no
20,colour,36,yes,15,3.5201,3.5437,blue,circle,no
20,colour,36,yes,16,0.6133,4.6927,blue,circle,no
20,colour,36,yes,17,1.5775,5.6668,blue,circle,no
20,colour,36,yes,18,5.5578,5.7195,blue,circle,no
20,colour,36,yes,19,4.3899,2.5951,blue,circle,no
20,colour,36,yes,20,5.3586,1.4723,blue,circle,no
20,colour,36,yes,21,5.3681,2.4313,blue,circle,no
20,colour,36,yes,22,4.7405,0.4337,blue,circle,no
20,colour,36,yes,23,0.7008,1.5724,blue,circle,no
20,colour,36,yes,24,5.2803,0.3879,blue,circle,no
20,colour,36,yes,25,1.7341,2.7245,blue,circle,no
20,colour,36,yes,26,2.6621,5.2958,blue,circle,no
20,colour,36,yes,27,4.3561,1.5697,blue,circle,no
20,colour,36,yes,28,3.7355,1.2753,blue,circle,no
20,colour,36,yes,29,5.4168,4.7444,blue,circle,no
20,colour,36,yes,30,3.6435,5.3526,blue,circle,no
20,colour,36,yes,31,2.6649,1.5271,blue,circle,no
20,colour,36,yes,32,5.5432,3.6565,blue,circle,no
20,colour,36,yes,33,2.3665,0.6372,blue,circle,no
20,colour,36,yes,34,4.6443,4.5480,blue,circle,no
20,colour,36,yes,35,1.3886,3.7420,blue,circle,no
21,colour,36,yes,0,3.5717,2.2656,blue,circle,no
21,colour,36,yes,1,4.7493,3.6736,blue,circle,no
21,colour,36,yes,2,2.4631,0.3040,blue,circle,no
21,colour,36,yes,3,0.6062,5.4718,blue,circle,no
21,colour,36,yes,4,0.6996,1.4111,blue,circle,no
21,colour,36,yes,5,3.3242,1.3131,blue,circle,no
21,colour,36,yes,6,5.5622,2.5427,blue,circle,no
21,colour,36,yes,7,2.6061,2.4405,blue,circle,no
21,colour,36,yes,8,3.5487,5.3974,blue,circle,no
21,colour,36,yes,9,1.5028,3.4651,blue,circle,no
21,colour,36,yes,10,2.6465,3.3072,blue,circle,no
21,colour,36,yes,11,0.5774,2.6889,blue,circle,no
21,colour,36,yes,12,0.5257,4.6827,blue,circle,no
21,colour,36,yes,13,5.4650,3.6940,blue,circle,no
21,colour,36,yes,14,1.4569,4.6637,blue,circle,no
21,colour,36,yes,15,3.4494,0.6148,blue,circle,no
21,colour,36,yes,16,1.4063,2.4063,blue,circle,no
21,colour,36,yes,17,5.3774,4.7268,blue,circle,no
21,colour,36,yes,18,1.5934,0.4871,blue,circle,no
21,colour,36,yes,19,5.2956,5.2927,blue,circle,no
21,colour,36,yes,20,5.4659,0.6223,blue,circle,no
21,colour,36,yes,21,2.4363,4.3151,blue,circle,no
21,colour,36,yes,22,4.2800,1.7283,blue,circle,no
21,colour,36,yes,23,0.5308,3.5850,blue,circle,no
21,colour,36,yes,24,1.4554,5.6868,blue,circle,no
21,colour,36,yes,25,2.7206,5.4615,blue,circle,no
21,colour,36,yes,26,4.7079,4.2757,blue,circle,no
21,colour,36,yes,27,4.3938,0.4062,blue,circle,no
21,colour,36,yes,28,0.3018,0.5037,blue,circle,no
21,colour,36,yes,29,3.3274,4.4911,red,circle,yes
21,colour,36,yes,30,3.6736,3.4251,blue,circle,no
21,colour,36,yes,31,1.5281,1.3074,blue,circle,no
21,colour,36,yes,32,5.3893,1.3631,blue,circle,no
21,colour,36,yes,33,4.4646,2.5305,blue,circle,no
21,colour,36,yes,34,4.6337,5.5609,blue,circle,no
21,colour,36,yes,35,2.5875,1.5284,blue,circle,no
22,colour,36,no,0,3.3861,1.5810,blue,circle,no
22,colour,36,no,1,3.4928,0.4710,blue,circle,no
22,colour,36,no,2,4.3866,4.6275,blue,circle,no
22,colour,36,no,3,2.3069,2.4650,blue,circle,no
22,colour,36,no,4,2.3916,1.5892,blue,circle,no
22,colour,36,no,5,1.4933,2.5836,blue,circle,no
22,colour,36,no,6,1.2727,5.4476,blue,circle,no
22,colour,36,no,7,4.5497,5.2538,blue,circle,no
22,colour,36,no,8,0.4007,5.3556,blue,circle,no
22,colour,36,no,9,2.3186,3.3778,blue,circle,no
22,colour,36,no,10,3.4141,2.2539,blue,circle,no
22,colour,36,no,11,0.6235,4.3378,blue,circle,no
22,colour,36,no,12,2.4401,4.6018,blue,circle,no
22,colour,36,no,13,1.5001,1.6667,blue,circle,no
22,colour,36,no,14,2.6531,5.2860,blue,circle,no
22,colour,36,no,15,4.6809,3.2712,blue,circle,no
22,colour,36,no,16,0.2594,1.7106,blue,circle,no
22,colour,36,no,17,4.6811,2.5379,blue,circle,no
22,colour,36,no,18,5.5367,3.6047,blue,circle,no
22,colour,36,no,19,3.4588,4.3076,blue,circle,no
22,colour,36,no,20,1.2604,4.4124,blue,circle,no
22,colour,36,no,21,2.6507,0.5591,blue,circle,no
22,colour,36,no,22,0.6660,2.7099,blue,circle,no
22,colour,36,no,23,3.2941,3.6722,blue,circle,no
22,colour,36,no,24,0.3717,3.5444,blue,circle,no
22,colour,36,no,25,4.5120,0.4479,blue,circle,no
22,colour,36,no,26,5.4051,0.4198,blue,circle,no
22,colour,36,no,27,0.4165,0.3341,blue,circle,no
22,colour,36,no,28,3.5052,5.3070,blue,circle,no
22,colour,36,no,29,4.5050,1.7030,blue,circle,no
22,colour,36,no,30,5.4247,4.6137,blue,circle,no
22,colour,36,no,31,1.6595,3.6575,blue,circle,no
22,colour,36,no,32,5.3681,5.3232,blue,circle,no
22,colour,36,no,33,5.3486,1.5512,blue,circle,no
22,colour,36,no,34,1.6301,0.5778,blue,circle,no
22,colour,36,no,35,5.3386,2.6364,blue,circle,no
23,colour,36,no,0,4.4108,3.4878,blue,circle,no
23,colour,36,no,1,1.3254,1.2809,blue,circle,no
23,colour,36,no,2,5.3018,2.6996,blue,circle,no
23,colour,36,no,3,1.4217,2.6072,blue,circle,no
23,colour,36,no,4,0.5023,2.3363,blue,circle,no
23,colour,36,no,5,1.3739,4.4689,blue,circle,no
23,colour,36,no,6,3.4697,0.5114,blue,circle,no
23,colour,36,no,7,0.3294,1.4364,blue,circle,no
23,colour,36,no,8,5.3914,3.4544,blue,circle,no
23,colour,36,no,9,4.4192,1.5489,blue,circle,no
23,colour,36,no,10,3.6446,3.5737,blue,circle,no
23,colour,36,no,11,0.2830,5.2973,blue,circle,no
23,colour,36,no,12,5.5892,0.3921,blue,circle,no
23,colour,36,no,13,3.6119,4.5783,blue,circle,no
23,colour,36,no,14,0.7032,0.6866,blue,circle,no
23,colour,36,no,15,1.4167,3.5414,blue,circle,no
23,colour,36,no,16,2.3207,4.4249,blue,circle,no
23,colour,36,no,17,0.7338,4.5992,blue,circle,no
23,colour,36,no,18,3.4460,5.5475,blue,circle,no
23,colour,36,no,19,4.7190,2.4048,blue,circle,no
23,colour,36,no,20,5.4383,1.6458,blue,circle,no
23,colour,36,no,21,1.6566,0.5851,blue,circle,no
23,colour,36,no,22,0.6645,3.6194,blue,circle,no
23,colour,36,no,23,2.5927,1.5132,blue,circle,no
23,colour,36,no,24,3.5730,1.4617,blue,circle,no
23,colour,36,no,25,5.4309,5.4313,blue,circle,no
23,colour,36,no,26,4.3401,5.3571,blue,circle,no
23,colour,36,no,27,3.7238,2.4931,blue,circle,no
23,colour,36,no,28,2.3633,0.3188,blue,circle,no
23,colour,36,no,29,2.2886,2.6722,blue,circle,no
23,colour,36,no,30,4.3006,0.6354,blue,circle,no
23,colour,36,no,31,2.6676,5.6918,blue,circle,no
23,colour,36,no,32,2.2689,3.4184,blue,circle,no
23,colour,36,no,33,4.6332,4.3155,blue,circle,no
23,colour,36,no,34,5.4384,4.3311,blue,circle,no
23,colour,36,no,35,1.6657,5.6355,blue,circle,no
24,colour,36,no,0,3.5706,5.6871,blue,circle,no
24,colour,36,no,1,0.5273,0.3013,blue,circle,no
24,colour,36,no,2,3.6729,0.6756,blue,circle,no
24,colour,36,no,3,5.3925,0.6316,blue,circle,no
24,colour,36,no,4,4.3864,3.7027,blue,circle,no
24,colour,36,no,5,2.3237,3.4687,blue,circle,no
24,colour,36,no,6,1.7232,0.3610,blue,circle,no
24,colour,36,no,7,1.4756,2.4248,blue,circle,no
24,colour,36,no,8,2.2633,1.2766,blue,circle,no
24,colour,36,no,9,4.5010,2.3679,blue,circle,no
24,colour,36,no,10,4.7473,0.4375,blue,circle,no
24,colour,36,no,11,0.2641,2.7154,blue,circle,no
24,colour,36,no,12,2.6696,5.5750,blue,circle,no
24,colour,36,no,13,0.6457,3.3188,blue,circle,no
24,colour,36,no,14,5.3934,5.6649,blue,circle,no
24,colour,36,no,15,5.5980,1.3194,blue,circle,no
24,colour,36,no,16,0.6028,1.4743,blue,circle,no
24,colour,36,no,17,3.2526,2.2896,blue,circle,no
24,colour,36,no,18,1.3780,4.6675,blue,circle,no
24,colour,36,no,19,0.5244,5.6136,blue,circle,no
24,colour,36,no,20,5.5139,2.3056,blue,circle,no
24,colour,36,no,21,4.3941,5.4006,blue,circle,no
24,colour,36,no,22,3.2739,4.4599,blue,circle,no
24,colour,36,no,23,5.6469,4.4786,blue,circle,no
24,colour,36,no,24,0.3054,4.7026,blue,circle,no
24,colour,36,no,25,3.5484,1.2582,blue,circle,no
24,colour,36,no,26,1.5077,3.3710,blue,circle,no
24,colour,36,no,27,2.3218,2.4646,blue,circle,no
24,colour,36,no,28,1.5574,1.3703,blue,circle,no
24,colour,36,no,29,1.4583,5.5822,blue,circle,no
24,colour,36,no,30,3.2928,3.7373,blue,circle,no
24,colour,36,no,31,5.2838,3.5130,blue,circle,no
24,colour,36,no,32,2.5037,4.7442,blue,circle,no
24,colour,36,no,33,2.5271,0.4452,blue,circle,no
24,colour,36,no,34,4.4851,4.5678,blue,circle,no
24,colour,36,no,35,4.7405,1.3768,blue,circle,no
25,colour,49,yes,0,5.6947,1.6217,blue,circle,no
25,colour,49,yes,1,3.6973,2.4433,blue,circle,no
25,colour,49,yes,2,4.7369,4.4981,blue,circle,no
25,colour,49,yes,3,5.4988,4.7122,blue,circle,no
25,colour,49,yes,4,6.5096,1.6506,blue,circle,no
25,colour,49,yes,5,2.6135,6.2895,blue,circle,no
25,colour,49,yes,6,5.5512,3.6612,blue,circle,no
25,colour,49,yes,7,2.5227,2.4106,blue,circle,no
25,colour,49,yes,8,3.2900,0.5805,blue,circle,no
25,colour,49,yes,9,0.4032,0.5513,blue,circle,no
25,colour,49,yes,10,6.4631,3.5949,blue,circle,no
25,colour,49,yes,11,0.4258,1.2712,blue,circle,no
25,colour,49,yes,12,2.6850,3.4263,blue,circle,no
25,colour,49,yes,13,4.7491,2.3873,blue,circle,no
25,colour,49,yes,14,3.7400,5.7240,blue,circle,no
25,colour,49,yes,15,0.2875,5.5688,blue,circle,no
25,colour,49,yes,16,3.4317,1.6505,blue,circle,no
25,colour,49,yes,17,5.5897,2.7264,blue,circle,no
25,colour,49,yes,18,3.3214,4.5538,blue,circle,no
25,colour,49,yes,19,0.6407,4.2674,blue,circle,no
25,colour,49,yes,20,6.2836,5.6393,blue,circle,no
25,colour,49,yes,21,2.4332,1.4414,blue,circle,no
25,colour,49,yes,22,6.5336,6.5525,blue,circle,no
25,colour,49,yes,23,0.5895,2.7244,blue,circle,no
25,colour,49,yes,24,3.4360,3.6315,blue,circle,no
25,colour,49,yes,25,1.5370,5.5147,blue,circle,no
25,colour,49,yes,26,1.4490,6.5748,blue,circle,no
25,colour,49,yes,27,4.3748,6.3067,red,circle,yes
25,colour,49,yes,28,4.6178,3.4995,blue,circle,no
25,colour,49,yes,29,5.4435,0.5308,blue,circle,no
25,colour,49,yes,30,6.3809,2.3801,blue,circle,no
25,colour,49,yes,31,2.4731,4.7482,blue,circle,no
25,colour,49,yes,32,1.3928,4.7082,blue,circle,no
25,colour,49,yes,33,4.4956,1.3113,blue,circle,no
25,colour,49,yes,34,4.6764,5.4760,blue,circle,no
25,colour,49,yes,35,6.6993,4.4726,blue,circle,no
25,colour,49,yes,36,3.2939,6.5910,blue,circle,no
25,colour,49,yes,37,2.6728,0.4098,blue,circle,no
25,colour,49,yes,38,1.4237,1.2825,blue,circle,no
25,colour,49,yes,39,0.5211,3.6957,blue,circle,no
25,colour,49,yes,40,2.6757,5.6059,blue,circle,no
25,colour,49,yes,41,6.7137,0.5689,blue,circle,no
25,colour,49,yes,42,5.6468,5.5044,blue,circle,no
25,colour,49,yes,43,0.3107,6.3505,blue,circle,no
25,colour,49,yes,44,1.3194,2.6452,blue,circle,no
25,colour,49,yes,45,5.2631,6.5270,blue,circle,no
25,colour,49,yes,46,4.4345,0.6518,blue,circle,no
25,colour,49,yes,47,1.5258,3.5560,blue,circle,no
25,colour,49,yes,48,1.2931,0.4046,blue,circle,no
26,colour,49,yes,0,0.7208,2.3271,blue,circle,no
26,colour,49,yes,1,3.5794,2.6103,blue,circle,no
26,colour,49,yes,2,6.5526,0.6713,blue,circle,no
26,colour,49,yes,3,0.5318,0.6626,blue,circle,no
26,colour,49,yes,4,1.2642,2.2727,blue,circle,no
26,colour,49,yes,5,4.5707,2.5384,blue,circle,no
26,colour,49,yes,6,4.5756,5.6335,blue,circle,no
26,colour,49,yes,7,2.4583,0.5695,blue,circle,no
26,colour,49,yes,8,5.4990,1.5636,blue,circle,no
26,colour,49,yes,9,3.3948,4.7283,blue,circle,no
26,colour,49,yes,10,5.4915,2.6523,blue,circle,no
26,colour,49,yes,11,4.5925,3.3987,blue,circle,no
26,colour,49,yes,12,2.2865,3.2800,blue,circle,no
26,colour,49,yes,13,2.4698,5.4921,blue,circle,no
26,colour,49,yes,14,5.3520,6.5533,blue,circle,no
26,colour,49,yes,15,6.4063,4.6092,blue,circle,no
26,colour,49,yes,16,3.6171,3.6804,blue,circle,no
26,colour,49,yes,17,4.7377,4.3154,blue,circle,no
26,colour,49,yes,18,0.4353,1.5308,blue,circle,no
26,colour,49,yes,19,3.4096,1.4832,blue,circle,no
26,colour,49,yes,20,0.3837,3.3740,blue,circle,no
26,colour,49,yes,21,5.2984,0.3951,blue,circle,no
26,colour,49,yes,22,2.4421,1.5577,blue,circle,no
26,colour,49,yes,23,3.3741,5.6827,blue,circle,no
26,colour,49,yes,24,0.3298,6.4137,blue,circle,no
26,colour,49,yes,25,3.5388,0.4064,blue,circle,no
26,colour,49,yes,26,1.6316,6.4991,blue,circle,no
26,colour,49,yes,27,1.5074,0.4994,blue,circle,no
26,colour,49,yes,28,6.4043,3.2616,blue,circle,no
26,colour,49,yes,29,2.7226,2.5027,blue,circle,no
26,colour,49,yes,30,6.7333,1.3576,blue,circle,no
26,colour,49,yes,31,0.4264,5.2753,blue,circle,no
26,colour,49,yes,32,4.4974,1.6912,blue,circle,no
26,colour,49,yes,33,5.5771,5.4853,blue,circle,no
26,colour,49,yes,34,1.5183,3.6736,blue,circle,no
26,colour,49,yes,35,6.4655,6.6912,blue,circle,no
26,colour,49,yes,36,1.6138,4.6319,blue,circle,no
26,colour,49,yes,37,0.4330,4.4503,red,circle,yes
26,colour,49,yes,38,6.5351,5.3473,blue,circle,no
26,colour,49,yes,39,6.5266,2.2868,blue,circle,no
26,colour,49,yes,40,1.5021,1.6322,blue,circle,no
26,colour,49,yes,41,4.3899,0.7445,blue,circle,no
26,colour,49,yes,42,1.5902,5.3094,blue,circle,no
26,colour,49,yes,43,2.7375,6.4470,blue,circle,no
26,colour,49,yes,44,5.6474,3.4195,blue,circle,no
26,colour,49,yes,45,5.7195,4.6275,blue,circle,no
26,colour,49,yes,46,2.3495,4.5046,blue,circle,no
26,colour,49,yes,47,4.5000,6.2727,blue,circle,no
26,colour,49,yes,48,3.3185,6.4165,blue,circle,no
27,colour,49,yes,0,4.2595,0.4068,blue,circle,no
27,colour,49,yes,1,3.3257,3.5953,blue,circle,no
27,colour,49,yes,2,2.4552,3.6375,blue,circle,no
27,colour,49,yes,3,5.7103,6.6864,blue,circle,no
27,colour,49,yes,4,1.6179,3.2811,blue,circle,no
27,colour,49,yes,5,5.3190,0.3537,blue,circle,no
27,colour,49,yes,6,6.4125,3.5811,blue,circle,no
27,colour,49,yes,7,5.5127,1.4069,blue,circle,no
27,colour,49,yes,8,6.3366,0.7061,blue,circle,no
27,colour,49,yes,9,0.4212,2.4271,blue,circle,no
27,colour,49,yes,10,4.6360,6.6105,blue,circle,no
27,colour,49,yes,11,3.5717,2.5967,blue,circle,no
27,colour,49,yes,12,2.5550,0.3461,red,circle,yes
27,colour,49,yes,13,2.3733,2.5290,blue,circle,no
27,colour,49,yes,14,2.3624,5.7365,blue,circle,no
27,colour,49,yes,15,1.3988,0.3945,blue,circle,no
27,colour,49,yes,16,0.3536,1.6025,blue,circle,no
27,colour,49,yes,17,0.4085,6.4244,blue,circle,no
27,colour,49,yes,18,6.7169,6.6477,blue,circle,no
27,colour,49,yes,19,0.3867,4.3109,blue,circle,no
27,colour,49,yes,20,5.5883,5.4398,blue,circle,no
27,colour,49,yes,21,3.7401,6.6592,blue,circle,no
27,colour,49,yes,22,4.7273,2.6523,blue,circle,no
27,colour,49,yes,23,6.3952,1.3938,blue,circle,no
27,colour,49,yes,24,3.6071,0.4232,blue,circle,no
27,colour,49,yes,25,0.4712,5.3782,blue,circle,no
27,colour,49,yes,26,2.4895,6.3510,blue,circle,no
27,colour,49,yes,27,4.5193,1.7165,blue,circle,no
27,colour,49,yes,28,0.5981,0.3186,blue,circle,no
27,colour,49,yes,29,5.5578,3.5434,blue,circle,no
27,colour,49,yes,30,1.3712,2.5849,blue,circle,no
27,colour,49,yes,31,1.5155,5.5690,blue,circle,no
27,colour,49,yes,32,3.2762,4.4567,blue,circle,no
27,colour,49,yes,33,6.6087,4.3003,blue,circle,no
27,colour,49,yes,34,1.6354,6.2526,blue,circle,no
27,colour,49,yes,35,0.5252,3.7145,blue,circle,no
27,colour,49,yes,36,5.4535,2.7175,blue,circle,no
27,colour,49,yes,37,4.6892,3.4887,blue,circle,no
27,colour,49,yes,38,3.3497,1.7320,blue,circle,no
27,colour,49,yes,39,6.4106,5.5729,blue,circle,no
27,colour,49,yes,40,4.7040,5.2947,blue,circle,no
27,colour,49,yes,41,6.5371,2.5176,blue,circle,no
27,colour,49,yes,42,1.6116,1.7183,blue,circle,no
27,colour,49,yes,43,4.7066,4.3375,blue,circle,no
27,colour,49,yes,44,3.6911,5.3379,blue,circle,no
27,colour,49,yes,45,2.7098,1.7486,blue,circle,no
27,colour,49,yes,46,1.4485,4.4977,blue,circle,no
27,colour,49,yes,47,5.7183,4.7311,blue,circle,no
27,colour,49,yes,48,2.7130,4.6884,blue,circle,no
28,colour,49,no,0,4.6269,0.7270,blue,circle,no
28,colour,49,no,1,2.4010,2.6114,blue,circle,no
28,colour,49,no,2,5.2557,3.5768,blue,circle,no
28,colour,49,no,3,3.5964,0.2811,blue,circle,no
28,colour,49,no,4,3.3091,6.4034,blue,circle,no
28,colour,49,no,5,0.4527,5.5013,blue,circle,no
28,colour,49,no,6,4.6976,1.6018,blue,circle,no
28,colour,49,no,7,6.4055,3.3087,blue,circle,no
28,colour,49,no,8,4.7081,6.3975,blue,circle,no
28,colour,49,no,9,5.5573,5.3596,blue,circle,no
28,colour,49,no,10,2.3168,0.3266,blue,circle,no
28,colour,49,no,11,0.6239,4.5529,blue,circle,no
28,colour,49,no,12,1.4579,2.5246,blue,circle,no
28,colour,49,no,13,5.4854,6.5188,blue,circle,no
28,colour,49,no,14,1.5820,0.3592,blue,circle,no
28,colour,49,no,15,4.3737,3.6274,blue,circle,no
28,colour,49,no,16,6.6866,1.2909,blue,circle,no
28,colour,49,no,17,4.4734,5.6019,blue,circle,no
28,colour,49,no,18,3.2891,3.5321,blue,circle,no
28,colour,49,no,19,2.2809,6.5238,blue,circle,no
28,colour,49,no,20,0.5027,6.5364,blue,circle,no
28,colour,49,no,21,2.3249,1.4141,blue,circle,no
28,colour,49,no,22,3.5102,1.3081,blue,circle,no
28,colour,49,no,23,6.3527,6.5416,blue,circle,no
28,colour,49,no,24,2.2955,4.5052,blue,circle,no
28,colour,49,no,25,1.6543,3.4767,blue,circle,no
28,colour,49,no,26,2.5066,5.4784,blue,circle,no
28,colour,49,no,27,6.2789,2.4812,blue,circle,no
28,colour,49,no,28,0.6535,2.6116,blue,circle,no
28,colour,49,no,29,2.4480,3.6582,blue,circle,no
28,colour,49,no,30,5.6229,0.5392,blue,circle,no
28,colour,49,no,31,1.2726,6.4223,blue,circle,no
28,colour,49,no,32,0.2819,1.7471,blue,circle,no
28,colour,49,no,33,5.7173,1.2845,blue,circle,no
28,colour,49,no,34,3.7169,2.2659,blue,circle,no
28,colour,49,no,35,6.4544,5.6345,blue,circle,no
28,colour,49,no,36,4.6329,4.7392,blue,circle,no
28,colour,49,no,37,1.5729,1.4602,blue,circle,no
28,colour,49,no,38,3.7464,4.4412,blue,circle,no
28,colour,49,no,39,5.6848,4.7034,blue,circle,no
28,colour,49,no,40,6.4378,4.5914,blue,circle,no
28,colour,49,no,41,1.5809,4.5197,blue,circle,no
28,colour,49,no,42,4.5768,2.4239,blue,circle,no
28,colour,49,no,43,0.3392,3.5186,blue,circle,no
28,colour,49,no,44,6.5144,0.6139,blue,circle,no
28,colour,49,no,45,3.3613,5.2517,blue,circle,no
28,colour,49,no,46,1.2614,5.3992,blue,circle,no
28,colour,49,no,47,5.5867,2.5222,blue,circle,no
28,colour,49,no,48,0.5160,0.6617,blue,circle,no
29,colour,49,no,0,5.5279,2.2734,blue,circle,no
29,colour,49,no,1,6.4222,3.5717,blue,circle,no
29,colour,49,no,2,1.4406,5.5122,blue,circle,no
29,colour,49,no,3,4.5982,6.4541,blue,circle,no
29,colour,49,no,4,5.3999,0.3419,blue,circle,no
29,colour,49,no,5,2.5190,5.3705,blue,circle,no
29,colour,49,no,6,0.3627,0.6788,blue,circle,no
29,colour,49,no,7,4.3222,1.4815,blue,circle,no
29,colour,49,no,8,5.2788,5.4563,blue,circle,no
29,colour,49,no,9,5.4583,6.5150,blue,circle,no
29,colour,49,no,10,3.4442,4.3775,blue,circle,no
29,colour,49,no,11,1.4151,1.2895,blue,circle,no
29,colour,49,no,12,6.4749,2.4355,blue,circle,no
29,colour,49,no,13,5.5178,4.6647,blue,circle,no
29,colour,49,no,14,0.2758,3.4386,blue,circle,no
29,colour,49,no,15,4.5525,2.2698,blue,circle,no
29,colour,49,no,16,3.2864,3.6523,blue,circle,no
29,colour,49,no,17,3.5438,1.5857,blue,circle,no
29,colour,49,no,18,4.3585,3.3544,blue,circle,no
29,colour,49,no,19,3.7035,6.4016,blue,circle,no
29,colour,49,no,20,2.7045,2.3559,blue,circle,no
29,colour,49,no,21,0.3450,5.6207,blue,circle,no
29,colour,49,no,22,4.6234,4.6272,blue,circle,no
29,colour,49,no,23,6.7072,4.5978,blue,circle,no
29,colour,49,no,24,2.6019,6.4483,blue,circle,no
29,colour,49,no,25,2.3697,4.4108,blue,circle,no
29,colour,49,no,26,0.3915,2.4831,blue,circle,no
29,colour,49,no,27,1.5744,6.4042,blue,circle,no
29,colour,49,no,28,3.4298,5.6914,blue,circle,no
29,colour,49,no,29,2.4830,3.6514,blue,circle,no
29,colour,49,no,30,0.6112,6.6308,blue,circle,no
29,colour,49,no,31,3.4101,0.3516,blue,circle,no
29,colour,49,no,32,0.4065,4.2729,blue,circle,no
29,colour,49,no,33,6.6820,5.6206,blue,circle,no
29,colour,49,no,34,6.2581,0.5267,blue,circle,no
29,colour,49,no,35,4.5420,0.6100,blue,circle,no
29,colour,49,no,36,6.3976,1.3481,blue,circle,no
29,colour,49,no,37,6.3650,6.5349,blue,circle,no
29,colour,49,no,38,1.3729,0.5253,blue,circle,no
29,colour,49,no,39,4.7217,5.4188,blue,circle,no
29,colour,49,no,40,5.6317,3.4943,blue,circle,no
29,colour,49,no,41,2.6118,0.6198,blue,circle,no
29,colour,49,no,42,0.4804,1.6164,blue,circle,no
29,colour,49,no,43,5.4261,1.3200,blue,circle,no
29,colour,49,no,44,3.5233,2.3420,blue,circle,no
29,colour,49,no,45,2.6947,1.7452,blue,circle,no
29,colour,49,no,46,1.7286,3.5120,blue,circle,no
29,colour,49,no,47,1.6695,4.2872,blue,circle,no
29,colour,49,no,48,1.6590,2.2743,blue,circle,no
30,colour,49,no,0,5.7451,4.3629,blue,circle,no
30,colour,49,no,1,0.5920,1.6739,blue,circle,no
30,colour,49,no,2,5.5769,1.6791,blue,circle,no
30,colour,49,no,3,4.6298,1.2968,blue,circle,no
30,colour,49,no,4,6.4396,2.5264,blue,circle,no
30,colour,49,no,5,2.2781,0.2547,blue,circle,no
30,colour,49,no,6,6.3357,3.4999,blue,circle,no
30,colour,49,no,7,6.4670,0.6422,blue,circle,no
30,colour,49,no,8,3.5329,1.6790,blue,circle,no
30,colour,49,no,9,5.2977,2.5141,blue,circle,no
30,colour,49,no,10,1.2713,2.3557,blue,circle,no
30,colour,49,no,11,6.6841,4.6938,blue,circle,no
30,colour,49,no,12,3.4878,3.2733,blue,circle,no
30,colour,49,no,13,2.2872,6.7128,blue,circle,no
30,colour,49,no,14,4.6997,3.5318,blue,circle,no
30,colour,49,no,15,1.2665,6.7144,blue,circle,no
30,colour,49,no,16,1.4072,3.7307,blue,circle,no
30,colour,49,no,17,4.5435,2.6261,blue,circle,no
30,colour,49,no,18,1.6064,5.4491,blue,circle,no
30,colour,49,no,19,5.2885,0.3312,blue,circle,no
30,colour,49,no,20,3.3702,6.6673,blue,circle,no
30,colour,49,no,21,0.4446,3.6983,blue,circle,no
30,colour,49,no,22,0.4159,4.6278,blue,circle,no
30,colour,49,no,23,3.3200,5.7442,blue,circle,no
30,colour,49,no,24,0.6121,6.5004,blue,circle,no
30,colour,49,no,25,3.7372,2.2768,blue,circle,no
30,colour,49,no,26,4.4685,6.6693,blue,circle,no
30,colour,49,no,27,2.4203,5.6345,blue,circle,no
30,colour,49,no,28,2.7274,2.4484,blue,circle,no
30,colour,49,no,29,0.6368,5.2648,blue,circle,no
30,colour,49,no,30,4.3867,5.7463,blue,circle,no
30,colour,49,no,31,5.4953,6.4279,blue,circle,no
30,colour,49,no,32,6.7206,5.4659,blue,circle,no
30,colour,49,no,33,1.5898,0.5803,blue,circle,no
30,colour,49,no,34,3.2928,4.5593,blue,circle,no
30,colour,49,no,35,2.6490,4.6066,blue,circle,no
30,colour,49,no,36,3.2910,0.3271,blue,circle,no
30,colour,49,no,37,2.6058,3.5670,blue,circle,no
30,colour,49,no,38,1.6198,4.4083,blue,circle,no
30,colour,49,no,39,4.3033,4.2526,blue,circle,no
30,colour,49,no,40,6.4041,1.4300,blue,circle,no
30,colour,49,no,41,6.3849,6.3163,blue,circle,no
30,colour,49,no,42,2.3437,1.4744,blue,circle,no
30,colour,49,no,43,4.5274,0.4540,blue,circle,no
30,colour,49,no,44,0.2631,2.4270,blue,circle,no
30,colour,49,no,45,5.2965,5.5490,blue,circle,no
30,colour,49,no,46,1.4122,1.4426,blue,circle,no
30,colour,49,no,47,5.3959,3.4439,blue,circle,no
30,colour,49,no,48,0.2923,0.7006,blue,circle,no
31,shape,9,yes,0,0.4966,0.2816,blue,circle,no
31,shape,9,yes,1,1.4673,2.4606,blue,circle,no
31,shape,9,yes,2,0.4921,2.2885,blue,circle,no
31,shape,9,yes,3,1.3758,1.3733,blue,circle,no
31,shape,9,yes,4,1.5625,0.5469,blue,square,yes
31,shape,9,yes,5,2.3478,2.3035,blue,circle,no
31,shape,9,yes,6,2.4023,1.7244,blue,circle,no
31,shape,9,yes,7,2.4161,0.5601,blue,circle,no
31,shape,9,yes,8,0.6520,1.4148,blue,circle,no
32,shape,9,yes,0,0.4895,0.3388,blue,circle,no
32,shape,9,yes,1,2.4491,0.4096,blue,circle,no
32,shape,9,yes,2,0.6174,1.5665,blue,circle,no
32,shape,9,yes,3,1.7339,0.6410,blue,square,yes
32,shape,9,yes,4,1.4129,1.3902,blue,circle,no
32,shape,9,yes,5,2.6429,2.4325,blue,circle,no
32,shape,9,yes,6,1.7160,2.3499,blue,circle,no
32,shape,9,yes,7,0.7486,2.3400,blue,circle,no
32,shape,9,yes,8,2.6338,1.2635,blue,circle,no
33,shape,9,yes,0,1.5667,1.3710,blue,circle,no
33,shape,9,yes,1,1.5793,0.6076,blue,circle,no
33,shape,9,yes,2,2.6445,1.2870,blue,square,yes
33,shape,9,yes,3,0.7454,2.4896,blue,circle,no
33,shape,9,yes,4,0.4504,0.5033,blue,circle,no
33,shape,9,yes,5,2.7102,0.5959,blue,circle,no
33,shape,9,yes,6,2.5218,2.6454,blue,circle,no
33,shape,9,yes,7,0.4298,1.6978,blue,circle,no
33,shape,9,yes,8,1.5185,2.5691,blue,circle,no
34,shape,9,no,0,0.5316,1.5725,blue,circle,no
34,shape,9,no,1,0.5734,0.7334,blue,circle,no
34,shape,9,no,2,1.4158,1.6481,blue,circle,no
34,shape,9,no,3,2.3030,1.2993,blue,circle,no
34,shape,9,no,4,2.3610,0.6234,blue,circle,no
34,shape,9,no,5,1.5290,2.5938,blue,circle,no
34,shape,9,no,6,0.3605,2.4371,blue,circle,no
34,shape,9,no,7,2.4815,2.5898,blue,circle,no
34,shape,9,no,8,1.5952,0.3254,blue,circle,no
35,shape,9,no,0,1.4242,0.4215,blue,circle,no
35,shape,9,no,1,2.6421,1.5106,blue,circle,no
35,shape,9,no,2,1.4242,1.2988,blue,circle,no
35,shape,9,no,3,0.6110,2.4762,blue,circle,no
35,shape,9,no,4,0.2836,1.2723,blue,circle,no
35,shape,9,no,5,2.6054,0.2613,blue,circle,no
35,shape,9,no,6,2.4215,2.3047,blue,circle,no
35,shape,9,no,7,1.6500,2.7150,blue,circle,no
35,shape,9,no,8,0.6202,0.5080,blue,circle,no
36,shape,9,no,0,0.5649,2.3432,blue,circle,no
36,shape,9,no,1,1.5787,0.4478,blue,circle,no
36,shape,9,no,2,0.6187,0.6915,blue,circle,no
36,shape,9,no,3,2.4748,1.4648,blue,circle,no
36,shape,9,no,4,0.2522,1.3574,blue,circle,no
36,shape,9,no,5,1.3892,1.6019,blue,circle,no
36,shape,9,no,6,1.6480,2.5387,blue,circle,no
36,shape,9,no,7,2.6498,0.5184,blue,circle,no
36,shape,9,no,8,2.4329,2.3485,blue,circle,no
37,shape,16,yes,0,3.7093,3.5451,blue,circle,no
37,shape,16,yes,1,1.5861,2.4066,blue,circle,no
37,shape,16,yes,2,1.3693,0.3085,blue,circle,no
37,shape,16,yes,3,0.4367,3.3207,blue,circle,no
37,shape,16,yes,4,2.4442,0.5482,blue,circle,no
37,shape,16,yes,5,0.5374,0.4615,blue,circle,no
37,shape,16,yes,6,2.4933,3.5187,blue,circle,no
37,shape,16,yes,7,3.7096,2.7153,blue,circle,no
37,shape,16,yes,8,2.3366,1.3334,blue,circle,no
37,shape,16,yes,9,1.3944,1.3435,blue,square,yes
37,shape,16,yes,10,1.6710,3.5597,blue,circle,no
37,shape,16,yes,11,0.6828,2.7259,blue,circle,no
37,shape,16,yes,12,3.4923,1.3476,blue,circle,no
37,shape,16,yes,13,2.4420,2.5308,blue,circle,no
37,shape,16,yes,14,0.5765,1.4546,blue,circle,no
37,shape,16,yes,15,3.4959,0.6051,blue,circle,no
38,shape,16,yes,0,3.5249,2.3066,blue,circle,no
38,shape,16,yes,1,1.3071,1.6376,blue,circle,no
38,shape,16,yes,2,3.6616,3.4334,blue,circle,no
38,shape,16,yes,3,2.6613,1.2708,blue,circle,no
38,shape,16,yes,4,0.6095,2.5232,blue,circle,no
38,shape,16,yes,5,0.7449,3.3012,blue,circle,no
38,shape,16,yes,6,1.6650,3.6257,blue,circle,no
38,shape,16,yes,7,2.3989,2.7497,blue,circle,no
38,shape,16,yes,8,0.4749,1.4243,blue,circle,no
38,shape,16,yes,9,3.6584,0.4695,blue,circle,no
38,shape,16,yes,10,0.7470,0.6378,blue,circle,no
38,shape,16,yes,11,1.3685,2.6554,blue,circle,no
38,shape,16,yes,12,1.5440,0.4253,blue,circle,no
38,shape,16,yes,13,2.6054,0.5664,blue,circle,no
38,shape,16,yes,14,3.3330,1.3196,blue,circle,no
38,shape,16,yes,15,2.3533,3.3535,blue,square,yes
39,shape,16,yes,0,3.7314,3.6428,blue,circle,no
39,shape,16,yes,1,0.7094,0.7462,blue,circle,no
39,shape,16,yes,2,3.6835,0.3134,blue,circle,no
39,shape,16,yes,3,3.6830,2.3748,blue,circle,no
39,shape,16,yes,4,2.6057,1.6642,blue,square,yes
39,shape,16,yes,5,2.6307,2.5881,blue,circle,no
39,shape,16,yes,6,3.4947,1.5387,blue,circle,no
39,shape,16,yes,7,1.3844,3.4571,blue,circle,no
39,shape,16,yes,8,2.4760,0.5668,blue,circle,no
39,shape,16,yes,9,0.6901,3.2965,blue,circle,no
39,shape,16,yes,10,2.5078,3.3891,blue,circle,no
39,shape,16,yes,11,0.7182,1.4345,blue,circle,no
39,shape,16,yes,12,0.7251,2.4136,blue,circle,no
39,shape,16,yes,13,1.2512,1.6371,blue,circle,no
39,shape,16,yes,14,1.6164,2.6155,blue,circle,no
39,shape,16,yes,15,1.4792,0.5821,blue,circle,no
40,shape,16,no,0,3.5331,3.4927,blue,circle,no
40,shape,16,no,1,0.4219,0.5913,blue,circle,no
40,shape,16,no,2,2.2742,3.2998,blue,circle,no
40,shape,16,no,3,0.6419,1.4798,blue,circle,no
40,shape,16,no,4,1.3121,1.6788,blue,circle,no
40,shape,16,no,5,2.4706,0.2503,blue,circle,no
40,shape,16,no,6,3.7290,1.3512,blue,circle,no
40,shape,16,no,7,1.5943,2.3160,blue,circle,no
40,shape,16,no,8,2.5750,2.3295,blue,circle,no
40,shape,16,no,9,3.7164,0.3870,blue,circle,no
40,shape,16,no,10,2.5773,1.3752,blue,circle,no
40,shape,16,no,11,0.4359,2.7019,blue,circle,no
40,shape,16,no,12,0.3328,3.4482,blue,circle,no
40,shape,16,no,13,1.4028,0.5997,blue,circle,no
40,shape,16,no,14,1.3671,3.5777,blue,circle,no
40,shape,16,no,15,3.6018,2.2505,blue,circle,no
41,shape,16,no,0,2.4889,3.3645,blue,circle,no
41,shape,16,no,1,0.2947,1.6530,blue,circle,no
41,shape,16,no,2,2.3016,1.4338,blue,circle,no
41,shape,16,no,3,3.3996,2.4414,blue,circle,no
41,shape,16,no,4,0.6567,3.6872,blue,circle,no
41,shape,16,no,5,1.5708,3.5886,blue,circle,no
41,shape,16,no,6,1.2842,1.5316,blue,circle,no
41,shape,16,no,7,2.5552,2.3321,blue,circle,no
41,shape,16,no,8,0.4256,0.3565,blue,circle,no
41,shape,16,no,9,3.6241,1.7099,blue,circle,no
41,shape,16,no,10,0.5580,2.4712,blue,circle,no
41,shape,16,no,11,3.3586,0.6983,blue,circle,no
41,shape,16,no,12,1.3200,2.3116,blue,circle,no
41,shape,16,no,13,2.6150,0.4258,blue,circle,no
41,shape,16,no,14,1.4647,0.6455,blue,circle,no
41,shape,16,no,15,3.3739,3.5723,blue,circle,no
42,shape,16,no,0,2.3978,3.2773,blue,circle,no
42,shape,16,no,1,3.6990,0.7273,blue,circle,no
42,shape,16,no,2,2.4974,0.3064,blue,circle,no
42,shape,16,no,3,2.4998,1.5470,blue,circle,no
42,shape,16,no,4,1.5141,1.7388,blue,circle,no
42,shape,16,no,5,3.7434,3.7170,blue,circle,no
42,shape,16,no,6,1.3160,0.6804,blue,circle,no
42,shape,16,no,7,2.5342,2.4327,blue,circle,no
42,shape,16,no,8,0.5915,0.6314,blue,circle,no
42,shape,16,no,9,0.7272,1.6352,blue,circle,no
42,shape,16,no,10,0.2583,3.2838,blue,circle,no
42,shape,16,no,11,3.3811,2.2699,blue,circle,no
42,shape,16,no,12,1.2802,3.6446,blue,circle,no
42,shape,16,no,13,1.5033,2.5643,blue,circle,no
42,shape,16,no,14,0.5005,2.4577,blue,circle,no
42,shape,16,no,15,3.6009,1.2912,blue,circle,no
43,shape,25,yes,0,2.3080,1.5561,blue,circle,no
43,shape,25,yes,1,3.2775,2.5830,blue,circle,no
43,shape,25,yes,2,0.5790,2.3378,blue,circle,no
43,shape,25,yes,3,0.2563,0.3186,blue,circle,no
43,shape,25,yes,4,4.2557,2.4982,blue,circle,no
43,shape,25,yes,5,3.4234,0.5086,blue,circle,no
43,shape,25,yes,6,1.6613,2.3796,blue,circle,no
43,shape,25,yes,7,1.4359,4.6249,blue,circle,no
43,shape,25,yes,8,1.6867,0.6165,blue,circle,no
43,shape,25,yes,9,3.3090,3.6999,blue,circle,no
43,shape,25,yes,10,0.4175,3.4647,blue,circle,no
43,shape,25,yes,11,0.5119,1.3815,blue,circle,no
43,shape,25,yes,12,0.7375,4.5638,blue,circle,no
43,shape,25,yes,13,3.4981,4.5054,blue,square,yes
43,shape,25,yes,14,2.2777,2.6797,blue,circle,no
43,shape,25,yes,15,1.3334,1.3287,blue,circle,no
43,shape,25,yes,16,1.6367,3.6971,blue,circle,no
43,shape,25,yes,17,2.5871,4.3077,blue,circle,no
43,shape,25,yes,18,4.6204,1.2513,blue,circle,no
43,shape,25,yes,19,2.6793,0.2561,blue,circle,no
43,shape,25,yes,20,3.2730,1.4320,blue,circle,no
43,shape,25,yes,21,4.7101,0.3395,blue,circle,no
43,shape,25,yes,22,4.7302,3.2677,blue,circle,no
43,shape,25,yes,23,4.6516,4.6070,blue,circle,no
43,shape,25,yes,24,2.5779,3.3623,blue,circle,no
44,shape,25,yes,0,3.4345,4.3958,blue,square,yes
44,shape,25,yes,1,4.6423,3.6198,blue,circle,no
44,shape,25,yes,2,2.3713,4.4341,blue,circle,no
44,shape,25,yes,3,4.7359,0.7489,blue,circle,no
44,shape,25,yes,4,0.6379,1.6162,blue,circle,no
44,shape,25,yes,5,4.5233,2.6480,blue,circle,no
44,shape,25,yes,6,4.3253,1.7162,blue,circle,no
44,shape,25,yes,7,4.2620,4.5208,blue,circle,no
44,shape,25,yes,8,0.5680,3.5967,blue,circle,no
44,shape,25,yes,9,1.2548,1.4175,blue,circle,no
44,shape,25,yes,10,0.6295,0.4381,blue,circle,no
44,shape,25,yes,11,1.6190,4.4038,blue,circle,no
44,shape,25,yes,12,2.3526,2.7416,blue,circle,no
44,shape,25,yes,13,2.4599,3.7306,blue,circle,no
44,shape,25,yes,14,0.7363,4.3212,blue,circle,no
44,shape,25,yes,15,1.3899,0.2720,blue,circle,no
44,shape,25,yes,16,1.3657,3.6728,blue,circle,no
44,shape,25,yes,17,3.4565,0.6978,blue,circle,no
44,shape,25,yes,18,1.4792,2.6239,blue,circle,no
44,shape,25,yes,19,3.5404,3.5027,blue,circle,no
44,shape,25,yes,20,2.5686,0.4472,blue,circle,no
44,shape,25,yes,21,3.5459,1.2811,blue,circle,no
44,shape,25,yes,22,0.5812,2.3154,blue,circle,no
44,shape,25,yes,23,3.3958,2.6755,blue,circle,no
44,shape,25,yes,24,2.7130,1.4465,blue,circle,no
45,shape,25,yes,0,0.6762,0.2952,blue,circle,no
45,shape,25,yes,1,4.6538,1.4021,blue,circle,no
45,shape,25,yes,2,0.6024,4.5517,blue,circle,no
45,shape,25,yes,3,0.3575,3.6783,blue,circle,no
45,shape,25,yes,4,2.3242,4.6056,blue,circle,no
45,shape,25,yes,5,2.7342,2.4481,blue,circle,no
45,shape,25,yes,6,1.2745,3.3994,blue,circle,no
45,shape,25,yes,7,3.6600,2.3369,blue,circle,no
45,shape,25,yes,8,2.7260,3.6773,blue,square,yes
45,shape,25,yes,9,0.5280,1.5251,blue,circle,no
45,shape,25,yes,10,1.2974,2.3010,blue,circle,no
45,shape,25,yes,11,4.6469,3.3107,blue,circle,no
45,shape,25,yes,12,1.2808,4.6405,blue,circle,no
45,shape,25,yes,13,1.3611,0.3491,blue,circle,no
45,shape,25,yes,14,3.4503,3.5931,blue,circle,no
45,shape,25,yes,15,3.7188,0.2920,blue,circle,no
45,shape,25,yes,16,4.5431,0.7087,blue,circle,no
45,shape,25,yes,17,1.2875,1.7486,blue,circle,no
45,shape,25,yes,18,2.3489,0.5730,blue,circle,no
45,shape,25,yes,19,2.6546,1.2960,blue,circle,no
45,shape,25,yes,20,3.6736,1.6544,blue,circle,no
45,shape,25,yes,21,4.3113,2.7211,blue,circle,no
45,shape,25,yes,22,4.2753,4.7121,blue,circle,no
45,shape,25,yes,23,0.4666,2.6122,blue,circle,no
45,shape,25,yes,24,3.4981,4.4414,blue,circle,no
46,shape,25,no,0,0.3186,4.3497,blue,circle,no
46,shape,25,no,1,2.6923,0.5129,blue,circle,no
46,shape,25,no,2,0.5654,3.6511,blue,circle,no
46,shape,25,no,3,3.6474,3.7447,blue,circle,no
46,shape,25,no,4,0.6410,0.4296,blue,circle,no
46,shape,25,no,5,2.5223,4.4923,blue,circle,no
46,shape,25,no,6,2.7063,2.5012,blue,circle,no
46,shape,25,no,7,1.4442,4.3399,blue,circle,no
46,shape,25,no,8,2.4094,1.3595,blue,circle,no
46,shape,25,no,9,1.6979,3.6393,blue,circle,no
46,shape,25,no,10,0.2793,2.7458,blue,circle,no
46,shape,25,no,11,3.5147,0.6334,blue,circle,no
46,shape,25,no,12,4.7498,4.7370,blue,circle,no
46,shape,25,no,13,2.3001,3.5784,blue,circle,no
46,shape,25,no,14,4.3833,1.6581,blue,circle,no
46,shape,25,no,15,1.7086,0.2780,blue,circle,no
46,shape,25,no,16,4.7482,0.3597,blue,circle,no
46,shape,25,no,17,4.6733,2.6487,blue,circle,no
46,shape,25,no,18,4.4274,3.6696,blue,circle,no
46,shape,25,no,19,3.6726,1.3381,blue,circle,no
46,shape,25,no,20,3.5463,4.6531,blue,circle,no
46,shape,25,no,21,1.5988,1.7070,blue,circle,no
46,shape,25,no,22,1.2641,2.6003,blue,circle,no
46,shape,25,no,23,0.7238,1.5318,blue,circle,no
46,shape,25,no,24,3.5316,2.3441,blue,circle,no
47,shape,25,no,0,4.3239,0.6023,blue,circle,no
47,shape,25,no,1,3.3208,2.3055,blue,circle,no
47,shape,25,no,2,1.5131,2.4324,blue,circle,no
47,shape,25,no,3,1.2863,1.6023,blue,circle,no
47,shape,25,no,4,3.5811,4.5430,blue,circle,no
47,shape,25,no,5,0.4183,2.4113,blue,circle,no
47,shape,25,no,6,2.7379,2.6162,blue,circle,no
47,shape,25,no,7,3.4684,3.5696,blue,circle,no
47,shape,25,no,8,3.4936,0.4086,blue,circle,no
47,shape,25,no,9,2.6036,4.5310,blue,circle,no
47,shape,25,no,10,1.6948,4.5569,blue,circle,no
47,shape,25,no,11,4.4284,2.5828,blue,circle,no
47,shape,25,no,12,0.6572,4.4392,blue,circle,no
47,shape,25,no,13,3.6170,1.3973,blue,circle,no
47,shape,25,no,14,0.3389,0.2509,blue,circle,no
47,shape,25,no,15,1.6010,3.5364,blue,circle,no
47,shape,25,no,16,2.6754,1.6354,blue,circle,no
47,shape,25,no,17,4.5337,3.3410,blue,circle,no
47,shape,25,no,18,2.4091,0.6544,blue,circle,no
47,shape,25,no,19,1.5557,0.5698,blue,circle,no
47,shape,25,no,20,4.3021,4.4981,blue,circle,no
47,shape,25,no,21,0.4156,1.2889,blue,circle,no
47,shape,25,no,22,4.4234,1.4098,blue,circle,no
47,shape,25,no,23,2.5681,3.7315,blue,circle,no
47,shape,25,no,24,0.6608,3.5850,blue,circle,no
48,shape,25,no,0,4.3007,4.4897,blue,circle,no
48,shape,25,no,1,2.6820,3.5755,blue,circle,no
48,shape,25,no,2,0.5936,3.3313,blue,circle,no
48,shape,25,no,3,4.2869,0.6729,blue,circle,no
48,shape,25,no,4,0.3975,1.4094,blue,circle,no
48,shape,25,no,5,3.7258,0.2871,blue,circle,no
48,shape,25,no,6,3.3351,2.4377,blue,circle,no
48,shape,25,no,7,4.6160,1.5235,blue,circle,no
48,shape,25,no,8,3.6991,3.2966,blue,circle,no
48,shape,25,no,9,4.5470,3.5568,blue,circle,no
48,shape,25,no,10,2.4914,4.2655,blue,circle,no
48,shape,25,no,11,1.7212,4.3325,blue,circle,no
48,shape,25,no,12,1.6949,3.3286,blue,circle,no
48,shape,25,no,13,1.3006,0.3528,blue,circle,no
48,shape,25,no,14,2.3450,2.5986,blue,circle,no
48,shape,25,no,15,0.6110,4.6150,blue,circle,no
48,shape,25,no,16,1.3826,2.3908,blue,circle,no
48,shape,25,no,17,2.3688,0.2748,blue,circle,no
48,shape,25,no,18,2.5359,1.6699,blue,circle,no
48,shape,25,no,19,1.3268,1.4304,blue,circle,no
48,shape,25,no,20,3.4638,1.3973,blue,circle,no
48,shape,25,no,21,0.5810,0.5501,blue,circle,no
48,shape,25,no,22,4.3498,2.2629,blue,circle,no
48,shape,25,no,23,0.3354,2.3959,blue,circle,no
48,shape,25,no,24,3.2910,4.6719,blue,circle,no
49,shape,36,yes,0,3.6592,2.4593,blue,circle,no
49,shape,36,yes,1,5.5178,3.6834,blue,circle,no
49,shape,36,yes,2,4.4874,1.6908,blue,circle,no
49,shape,36,yes,3,2.4881,5.2895,blue,circle,no
49,shape,36,yes,4,3.7014,0.6072,blue,circle,no
49,shape,36,yes,5,4.5011,4.7002,blue,circle,no
49,shape,36,yes,6,0.6502,1.5888,blue,circle,no
49,shape,36,yes,7,4.5601,3.3101,blue,circle,no
49,shape,36,yes,8,0.6286,4.3364,blue,circle,no
49,shape,36,yes,9,5.7422,4.7361,blue,circle,no
49,shape,36,yes,10,3.6542,5.3131,blue,circle,no
49,shape,36,yes,11,0.4617,0.7441,blue,circle,no
49,shape,36,yes,12,3.4677,1.7486,blue,circle,no
49,shape,36,yes,13,4.5636,0.6671,blue,circle,no
49,shape,36,yes,14,1.3789,2.7054,blue,circle,no
49,shape,36,yes,15,1.7071,1.2835,blue,circle,no
49,shape,36,yes,16,5.4440,5.4487,blue,circle,no
49,shape,36,yes,17,0.4131,3.3881,blue,circle,no
49,shape,36,yes,18,3.4791,3.6867,blue,circle,no
49,shape,36,yes,19,2.6433,1.5615,blue,circle,no
49,shape,36,yes,20,1.5113,0.4598,blue,circle,no
49,shape,36,yes,21,2.4572,2.3241,blue,circle,no
49,shape,36,yes,22,2.5440,4.6292,blue,circle,no
49,shape,36,yes,23,4.7198,5.7125,blue,circle,no
49,shape,36,yes,24,3.5313,4.3005,blue,square,yes
49,shape,36,yes,25,5.3930,1.5178,blue,circle,no
49,shape,36,yes,26,5.4219,0.4554,blue,circle,no
49,shape,36,yes,27,0.4415,2.4928,blue,circle,no
49,shape,36,yes,28,5.5545,2.2687,blue,circle,no
49,shape,36,yes,29,2.3877,3.3219,blue,circle,no
49,shape,36,yes,30,2.5543,0.5968,blue,circle,no
49,shape,36,yes,31,4.2694,2.6948,blue,circle,no
49,shape,36,yes,32,1.4157,5.3688,blue,circle,no
49,shape,36,yes,33,0.6229,5.7104,blue,circle,no
49,shape,36,yes,34,1.6985,4.2601,blue,circle,no
49,shape,36,yes,35,1.6587,3.4015,blue,circle,no
50,shape,36,yes,0,1.3464,0.6665,blue,circle,no
50,shape,36,yes,1,1.6685,4.3747,blue,circle,no
50,shape,36,yes,2,4.4782,2.7090,blue,circle,no
50,shape,36,yes,3,3.6023,0.3870,blue,circle,no
50,shape,36,yes,4,4.6618,0.5026,blue,circle,no
50,shape,36,yes,5,3.5677,2.3119,blue,circle,no
50,shape,36,yes,6,0.2653,5.4362,blue,circle,no
50,shape,36,yes,7,3.5470,3.3388,blue,circle,no
50,shape,36,yes,8,5.6852,5.5434,blue,circle,no
50,shape,36,yes,9,0.4249,0.3318,blue,circle,no
50,shape,36,yes,10,5.6972,0.6245,blue,circle,no
50,shape,36,yes,11,3.5944,4.3925,blue,square,yes
50,shape,36,yes,12,0.4433,2.3315,blue,circle,no
50,shape,36,yes,13,1.5361,1.7325,blue,circle,no
50,shape,36,yes,14,5.6786,1.5737,blue,circle,no
50,shape,36,yes,15,4.5888,3.3845,blue,circle,no
50,shape,36,yes,16,0.4548,3.2600,blue,circle,no
50,shape,36,yes,17,4.6402,4.6338,blue,circle,no
50,shape,36,yes,18,3.2544,5.7058,blue,circle,no
50,shape,36,yes,19,2.5737,0.5506,blue,circle,no
50,shape,36,yes,20,2.2542,3.3762,blue,circle,no
50,shape,36,yes,21,1.6525,3.4027,blue,circle,no
50,shape,36,yes,22,1.7335,2.5714,blue,circle,no
50,shape,36,yes,23,5.4619,4.4382,blue,circle,no
50,shape,36,yes,24,4.4244,5.3760,blue,circle,no
50,shape,36,yes,25,4.4833,1.5886,blue,circle,no
50,shape,36,yes,26,2.6622,4.4486,blue,circle,no
50,shape,36,yes,27,0.3012,4.5058,blue,circle,no
50,shape,36,yes,28,2.5812,5.6716,blue,circle,no
50,shape,36,yes,29,5.4371,3.5737,blue,circle,no
50,shape,36,yes,30,3.5545,1.3992,blue,circle,no
50,shape,36,yes,31,2.3041,1.2819,blue,circle,no
50,shape,36,yes,32,2.7442,2.5703,blue,circle,no
50,shape,36,yes,33,0.6807,1.3806,blue,circle,no
50,shape,36,yes,34,1.6055,5.6962,blue,circle,no
50,shape,36,yes,35,5.3994,2.3250,blue,circle,no
51,shape,36,yes,0,4.6315,3.3415,blue,circle,no
51,shape,36,yes,1,0.5899,4.4178,blue,circle,no
51,shape,36,yes,2,1.2946,3.4276,blue,circle,no
51,shape,36,yes,3,3.6221,3.4035,blue,circle,no
51,shape,36,yes,4,4.6440,5.4157,blue,circle,no
51,shape,36,yes,5,5.3803,4.3970,blue,circle,no
51,shape,36,yes,6,4.6756,2.4853,blue,circle,no
51,shape,36,yes,7,2.6832,4.5418,blue,circle,no
51,shape,36,yes,8,5.7222,1.2856,blue,circle,no
51,shape,36,yes,9,2.6947,0.5002,blue,circle,no
51,shape,36,yes,10,4.6837,0.4408,blue,circle,no
51,shape,36,yes,11,3.3992,5.2770,blue,circle,no
51,shape,36,yes,12,5.6771,0.3187,blue,circle,no
51,shape,36,yes,13,5.3501,2.4546,blue,circle,no
51,shape,36,yes,14,2.5347,2.7033,blue,circle,no
51,shape,36,yes,15,3.4788,4.4082,blue,circle,no
51,shape,36,yes,16,1.6078,1.6395,blue,circle,no
51,shape,36,yes,17,4.4938,1.5655,blue,circle,no
51,shape,36,yes,18,0.3384,1.5672,blue,circle,no
51,shape,36,yes,19,4.2524,4.3868,blue,circle,no
51,shape,36,yes,20,0.6306,3.3343,blue,circle,no
51,shape,36,yes,21,1.6322,0.4948,blue,circle,no
51,shape,36,yes,22,0.6318,5.2940,blue,circle,no
51,shape,36,yes,23,0.5572,2.5667,blue,circle,no
51,shape,36,yes,24,1.4517,2.7327,blue,circle,no
51,shape,36,yes,25,1.4417,5.2689,blue,circle,no
51,shape,36,yes,26,3.3497,1.4366,blue,circle,no
51,shape,36,yes,27,5.2570,5.4111,blue,circle,no
51,shape,36,yes,28,2.6666,5.3453,blue,circle,no
51,shape,36,yes,29,0.5884,0.5633,blue,circle,no
51,shape,36,yes,30,5.3744,3.5968,blue,circle,no
51,shape,36,yes,31,2.4222,1.3145,blue,circle,no
51,shape,36,yes,32,2.4418,3.5443,blue,circle,no
51,shape,36,yes,33,1.3335,4.6619,blue,circle,no
51,shape,36,yes,34,3.3991,0.3954,blue,circle,no
51,shape,36,yes,35,3.6139,2.5482,blue,square,yes
52,shape,36,no,0,1.4584,0.4401,blue,circle,no
52,shape,36,no,1,2.5236,0.4872,blue,circle,no
52,shape,36,no,2,3.3266,2.5976,blue,circle,no
52,shape,36,no,3,2.5652,4.4006,blue,circle,no
52,shape,36,no,4,2.5808,2.5812,blue,circle,no
52,shape,36,no,5,4.3850,3.5528,blue,circle,no
52,shape,36,no,6,3.3186,1.6653,blue,circle,no
52,shape,36,no,7,1.3025,2.6094,blue,circle,no
52,shape,36,no,8,3.3089,5.3070,blue,circle,no
52,shape,36,no,9,2.3031,5.3493,blue,circle,no
52,shape,36,no,10,2.3499,3.3815,blue,circle,no
52,shape,36,no,11,1.5116,3.3508,blue,circle,no
52,shape,36,no,12,4.6017,1.3977,blue,circle,no
52,shape,36,no,13,0.2697,5.4982,blue,circle,no
52,shape,36,no,14,5.3538,2.7166,blue,circle,no
52,shape,36,no,15,3.4153,0.2514,blue,circle,no
52,shape,36,no,16,4.5858,5.7034,blue,circle,no
52,shape,36,no,17,4.6676,2.5845,blue,circle,no
52,shape,36,no,18,0.3246,3.2950,blue,circle,no
52,shape,36,no,19,5.5059,4.6118,blue,circle,no
52,shape,36,no,20,4.3006,4.3779,blue,circle,no
52,shape,36,no,21,4.3656,0.7443,blue,circle,no
52,shape,36,no,22,5.3980,3.4821,blue,circle,no
52,shape,36,no,23,1.2999,1.3374,blue,circle,no
52,shape,36,no,24,0.2697,0.3953,blue,circle,no
52,shape,36,no,25,0.6508,2.4064,blue,circle,no
52,shape,36,no,26,1.6193,4.2975,blue,circle,no
52,shape,36,no,27,5.6291,0.2729,blue,circle,no
52,shape,36,no,28,0.6760,1.5817,blue,circle,no
52,shape,36,no,29,0.3353,4.4288,blue,circle,no
52,shape,36,no,30,5.4689,1.5609,blue,circle,no
52,shape,36,no,31,1.6892,5.2965,blue,circle,no
52,shape,36,no,32,5.6575,5.3414,blue,circle,no
52,shape,36,no,33,2.4504,1.7312,blue,circle,no
52,shape,36,no,34,3.3859,4.4429,blue,circle,no
52,shape,36,no,35,3.6753,3.6499,blue,circle,no
53,shape,36,no,0,2.5095,3.5941,blue,circle,no
53,shape,36,no,1,0.5591,5.4664,blue,circle,no
53,shape,36,no,2,2.6133,0.4910,blue,circle,no
53,shape,36,no,3,1.5819,5.5707,blue,circle,no
53,shape,36,no,4,3.3243,1.6632,blue,circle,no
53,shape,36,no,5,5.6960,4.5565,blue,circle,no
53,shape,36,no,6,3.2558,5.7172,blue,circle,no
53,shape,36,no,7,0.5028,4.4846,blue,circle,no
53,shape,36,no,8,4.4979,3.3327,blue,circle,no
53,shape,36,no,9,5.6257,2.4103,blue,circle,no
53,shape,36,no,10,5.4154,3.3891,blue,circle,no
53,shape,36,no,11,2.5035,4.5252,blue,circle,no
53,shape,36,no,12,4.4393,5.6586,blue,circle,no
53,shape,36,no,13,0.2894,1.4721,blue,circle,no
53,shape,36,no,14,1.5365,0.2940,blue,circle,no
53,shape,36,no,15,4.4992,2.4080,blue,circle,no
53,shape,36,no,16,3.7403,4.6226,blue,circle,no
53,shape,36,no,17,4.2589,0.4517,blue,circle,no
53,shape,36,no,18,0.2679,0.5245,blue,circle,no
53,shape,36,no,19,5.6630,1.6459,blue,circle,no
53,shape,36,no,20,0.7316,2.5688,blue,circle,no
53,shape,36,no,21,1.6951,3.5312,blue,circle,no
53,shape,36,no,22,5.5773,0.4781,blue,circle,no
53,shape,36,no,23,2.4204,2.6627,blue,circle,no
53,shape,36,no,24,3.6583,3.6722,blue,circle,no
53,shape,36,no,25,4.4160,4.6337,blue,circle,no
53,shape,36,no,26,1.5500,4.6083,blue,circle,no
53,shape,36,no,27,3.4316,2.4763,blue,circle,no
53,shape,36,no,28,0.2987,3.5795,blue,circle,no
53,shape,36,no,29,1.2511,2.4276,blue,circle,no
53,shape,36,no,30,2.5668,5.6500,blue,circle,no
53,shape,36,no,31,5.5238,5.4369,blue,circle,no
53,shape,36,no,32,3.3032,0.6984,blue,circle,no
53,shape,36,no,33,2.4962,1.6609,blue,circle,no
53,shape,36,no,34,1.6213,1.4546,blue,circle,no
53,shape,36,no,35,4.3771,1.3480,blue,circle,no
54,shape,36,no,0,2.5788,5.5531,blue,circle,no
54,shape,36,no,1,5.4109,3.6907,blue,circle,no
54,shape,36,no,2,1.4593,5.5545,blue,circle,no
54,shape,36,no,3,3.5963,1.3741,blue,circle,no
54,shape,36,no,4,4.4489,5.4214,blue,circle,no
54,shape,36,no,5,5.3971,2.6524,blue,circle,no
54,shape,36,no,6,5.3191,0.5513,blue,circle,no
54,shape,36,no,7,2.6932,0.5061,blue,circle,no
54,shape,36,no,8,5.6715,5.5239,blue,circle,no
54,shape,36,no,9,0.4070,1.6184,blue,circle,no
54,shape,36,no,10,2.5268,4.3587,blue,circle,no
54,shape,36,no,11,1.3549,3.6072,blue,circle,no
54,shape,36,no,12,5.5933,1.7106,blue,circle,no
54,shape,36,no,13,2.3163,1.6052,blue,circle,no
54,shape,36,no,14,0.7376,0.3389,blue,circle,no
54,shape,36,no,15,3.5212,2.5684,blue,circle,no
54,shape,36,no,16,4.6052,0.6304,blue,circle,no
54,shape,36,no,17,4.5311,2.5414,blue,circle,no
54,shape,36,no,18,0.7213,5.6051,blue,circle,no
54,shape,36,no,19,3.5871,4.6969,blue,circle,no
54,shape,36,no,20,2.5170,2.6887,blue,circle,no
54,shape,36,no,21,4.4612,4.2564,blue,circle,no
54,shape,36,no,22,0.3032,3.4404,blue,circle,no
54,shape,36,no,23,3.2765,3.2783,blue,circle,no
54,shape,36,no,24,2.3835,3.6428,blue,circle,no
54,shape,36,no,25,1.7418,0.5917,blue,circle,no
54,shape,36,no,26,3.3232,5.2810,blue,circle,no
54,shape,36,no,27,0.6422,4.3520,blue,circle,no
54,shape,36,no,28,3.5206,0.4293,blue,circle,no
54,shape,36,no,29,4.4763,1.5581,blue,circle,no
54,shape,36,no,30,4.5878,3.5309,blue,circle,no
54,shape,36,no,31,0.3622,2.5736,blue,circle,no
54,shape,36,no,32,5.4444,4.5055,blue,circle,no
54,shape,36,no,33,1.6484,2.5981,blue,circle,no
54,shape,36,no,34,1.5965,4.2735,blue,circle,no
54,shape,36,no,35,1.4408,1.4583,blue,circle,no
55,shape,49,yes,0,5.6420,3.4089,blue,circle,no
55,shape,49,yes,1,3.3600,3.3419,blue,circle,no
55,shape,49,yes,2,1.2841,3.5026,blue,circle,no
55,shape,49,yes,3,1.4580,2.5185,blue,circle,no
55,shape,49,yes,4,6.2960,0.3606,blue,square,yes
55,shape,49,yes,5,2.3567,1.4159,blue,circle,no
55,shape,49,yes,6,5.4304,2.3592,blue,circle,no
55,shape,49,yes,7,2.6263,4.5152,blue,circle,no
55,shape,49,yes,8,3.7483,1.6618,blue,circle,no
55,shape,49,yes,9,6.7406,5.2544,blue,circle,no
55,shape,49,yes,10,1.5845,4.4728,blue,circle,no
55,shape,49,yes,11,3.7022,4.5569,blue,circle,no
55,shape,49,yes,12,0.5606,1.7294,blue,circle,no
55,shape,49,yes,13,4.5913,3.4105,blue,circle,no
55,shape,49,yes,14,2.7080,6.7225,blue,circle,no
55,shape,49,yes,15,5.4429,4.5201,blue,circle,no
55,shape,49,yes,16,6.3914,3.7057,blue,circle,no
55,shape,49,yes,17,4.6611,0.4375,blue,circle,no
55,shape,49,yes,18,5.6514,6.4728,blue,circle,no
55,shape,49,yes,19,3.2719,2.6991,blue,circle,no
55,shape,49,yes,20,1.3463,1.5069,blue,circle,no
55,shape,49,yes,21,6.7241,1.3337,blue,circle,no
55,shape,49,yes,22,1.7281,0.5190,blue,circle,no
55,shape,49,yes,23,1.2537,5.2827,blue,circle,no
55,shape,49,yes,24,3.5852,6.6368,blue,circle,no
55,shape,49,yes,25,6.6825,6.4621,blue,circle,no
55,shape,49,yes,26,3.3020,5.5189,blue,circle,no
55,shape,49,yes,27,4.6014,4.7381,blue,circle,no
55,shape,49,yes,28,5.6376,0.5733,blue,circle,no
55,shape,49,yes,29,2.7199,0.6234,blue,circle,no
55,shape,49,yes,30,0.3269,3.4796,blue,circle,no
55,shape,49,yes,31,4.4159,1.2938,blue,circle,no
55,shape,49,yes,32,5.2771,5.6471,blue,circle,no
55,shape,49,yes,33,4.5290,2.5375,blue,circle,no
55,shape,49,yes,34,4.3638,6.3793,blue,circle,no
55,shape,49,yes,35,0.4440,6.5651,blue,circle,no
55,shape,49,yes,36,6.4665,4.2584,blue,circle,no
55,shape,49,yes,37,2.5866,5.5174,blue,circle,no
55,shape,49,yes,38,2.5707,3.5592,blue,circle,no
55,shape,49,yes,39,0.6280,2.5428,blue,circle,no
55,shape,49,yes,40,0.6004,4.2863,blue,circle,no
55,shape,49,yes,41,4.7140,5.3031,blue,circle,no
55,shape,49,yes,42,5.6434,1.4007,blue,circle,no
55,shape,49,yes,43,2.2933,2.6326,blue,circle,no
55,shape,49,yes,44,0.4688,0.4476,blue,circle,no
55,shape,49,yes,45,3.5804,0.4870,blue,circle,no
55,shape,49,yes,46,0.5167,5.3182,blue,circle,no
55,shape,49,yes,47,6.4455,2.6487,blue,circle,no
55,shape,49,yes,48,1.5229,6.7301,blue,circle,no
56,shape,49,yes,0,5.5403,3.7258,blue,circle,no
56,shape,49,yes,1,1.4286,2.5856,blue,circle,no
56,shape,49,yes,2,0.3673,3.3926,blue,circle,no
56,shape,49,yes,3,1.2849,3.3467,blue,circle,no
56,shape,49,yes,4,3.4929,3.4142,blue,circle,no
56,shape,49,yes,5,4.5797,4.5967,blue,circle,no
56,shape,49,yes,6,0.3262,2.5334,blue,circle,no
56,shape,49,yes,7,1.6538,0.7293,blue,circle,no
56,shape,49,yes,8,4.3343,2.4066,blue,circle,no
56,shape,49,yes,9,3.6428,2.6061,blue,circle,no
56,shape,49,yes,10,2.5704,5.3883,blue,circle,no
56,shape,49,yes,11,5.4297,5.5898,blue,circle,no
56,shape,49,yes,12,5.4158,1.4900,blue,circle,no
56,shape,49,yes,13,3.4727,1.6374,blue,circle,no
56,shape,49,yes,14,3.4935,5.3044,blue,circle,no
56,shape,49,yes,15,3.5728,0.2910,blue,circle,no
56,shape,49,yes,16,3.3903,6.6632,blue,circle,no
56,shape,49,yes,17,1.6956,1.3482,blue,circle,no
56,shape,49,yes,18,4.6168,5.5633,blue,circle,no
56,shape,49,yes,19,6.6137,3.6961,blue,circle,no
56,shape,49,yes,20,5.6748,4.5658,blue,circle,no
56,shape,49,yes,21,4.6563,0.5395,blue,circle,no
56,shape,49,yes,22,2.6346,2.3564,blue,circle,no
56,shape,49,yes,23,6.2683,2.3803,blue,circle,no
56,shape,49,yes,24,3.6970,4.5198,blue,circle,no
56,shape,49,yes,25,6.5770,0.3243,blue,circle,no
56,shape,49,yes,26,4.4462,1.6957,blue,circle,no
56,shape,49,yes,27,1.5448,4.6786,blue,circle,no
56,shape,49,yes,28,0.3169,4.5006,blue,circle,no
56,shape,49,yes,29,2.2953,4.4319,blue,circle,no
56,shape,49,yes,30,2.2553,6.3694,blue,circle,no
56,shape,49,yes,31,6.7320,1.7409,blue,circle,no
56,shape,49,yes,32,5.5921,6.6286,blue,circle,no
56,shape,49,yes,33,5.3202,0.3296,blue,circle,no
56,shape,49,yes,34,6.5332,4.5329,blue,circle,no
56,shape,49,yes,35,4.6861,3.3231,blue,circle,no
56,shape,49,yes,36,1.6160,5.7196,blue,circle,no
56,shape,49,yes,37,4.2702,6.6307,blue,circle,no
56,shape,49,yes,38,2.3659,0.3822,blue,circle,no
56,shape,49,yes,39,0.3670,1.5843,blue,circle,no
56,shape,49,yes,40,6.5089,6.6457,blue,circle,no
56,shape,49,yes,41,0.4440,6.7090,blue,circle,no
56,shape,49,yes,42,0.6908,5.2700,blue,circle,no
56,shape,49,yes,43,0.5743,0.3016,blue,circle,no
56,shape,49,yes,44,2.7342,3.5668,blue,circle,no
56,shape,49,yes,45,6.3867,5.6210,blue,circle,no
56,shape,49,yes,46,1.5393,6.5351,blue,square,yes
56,shape,49,yes,47,5.4383,2.4393,blue,circle,no
56,shape,49,yes,48,2.5438,1.6991,blue,circle,no
57,shape,49,yes,0,1.3234,5.3332,blue,circle,no
57,shape,49,yes,1,2.7112,3.5083,blue,circle,no
57,shape,49,yes,2,5.4527,1.7346,blue,circle,no
57,shape,49,yes,3,3.5688,6.6893,blue,circle,no
57,shape,49,yes,4,5.6140,3.6607,blue,circle,no
57,shape,49,yes,5,1.7236,0.3583,blue,circle,no
57,shape,49,yes,6,6.5533,4.4857,blue,circle,no
57,shape,49,yes,7,5.4908,5.3597,blue,circle,no
57,shape,49,yes,8,2.4554,5.3214,blue,circle,no
57,shape,49,yes,9,6.5413,3.6337,blue,circle,no
57,shape,49,yes,10,4.5616,2.5054,blue,circle,no
57,shape,49,yes,11,2.3339,0.5928,blue,circle,no
57,shape,49,yes,12,2.7112,1.5483,blue,circle,no
57,shape,49,yes,13,3.2844,2.4391,blue,circle,no
57,shape,49,yes,14,1.3161,4.2583,blue,circle,no
57,shape,49,yes,15,3.5114,5.7047,blue,circle,no
57,shape,49,yes,16,1.5922,2.6633,blue,circle,no
57,shape,49,yes,17,0.5528,3.3387,blue,circle,no
57,shape,49,yes,18,1.7008,6.5499,blue,circle,no
57,shape,49,yes,19,6.6889,1.5157,blue,circle,no
57,shape,49,yes,20,0.6262,1.2966,blue,circle,no
57,shape,49,yes,21,3.5797,0.7010,blue,circle,no
57,shape,49,yes,22,5.5196,2.2506,blue,circle,no
57,shape,49,yes,23,4.7189,1.5893,blue,circle,no
57,shape,49,yes,24,0.4657,6.4603,blue,circle,no
57,shape,49,yes,25,5.6874,0.5988,blue,circle,no
57,shape,49,yes,26,4.4645,5.7192,blue,circle,no
57,shape,49,yes,27,6.4911,0.6343,blue,circle,no
57,shape,49,yes,28,0.4253,5.6523,blue,circle,no
57,shape,49,yes,29,6.7039,2.6686,blue,circle,no
57,shape,49,yes,30,4.5381,6.4627,blue,circle,no
57,shape,49,yes,31,6.3773,6.6329,blue,circle,no
57,shape,49,yes,32,2.7050,6.2919,blue,circle,no
57,shape,49,yes,33,3.5491,1.5219,blue,circle,no
57,shape,49,yes,34,0.3789,4.2527,blue,circle,no
57,shape,49,yes,35,1.6218,1.2536,blue,circle,no
57,shape,49,yes,36,4.5113,4.5099,blue,square,yes
57,shape,49,yes,37,0.4375,0.3527,blue,circle,no
57,shape,49,yes,38,2.6521,4.4544,blue,circle,no
57,shape,49,yes,39,3.3033,4.4630,blue,circle,no
57,shape,49,yes,40,6.5427,5.3807,blue,circle,no
57,shape,49,yes,41,1.5181,3.5323,blue,circle,no
57,shape,49,yes,42,4.5559,3.7459,blue,circle,no
57,shape,49,yes,43,5.4487,6.3518,blue,circle,no
57,shape,49,yes,44,0.5261,2.5288,blue,circle,no
57,shape,49,yes,45,3.3394,3.5295,blue,circle,no
57,shape,49,yes,46,2.4919,2.7443,blue,circle,no
57,shape,49,yes,47,5.5388,4.6371,blue,circle,no
57,shape,49,yes,48,4.4491,0.3190,blue,circle,no
58,shape,49,no,0,6.6420,6.5053,blue,circle,no
58,shape,49,no,1,1.5992,5.5576,blue,circle,no
58,shape,49,no,2,6.5870,4.4299,blue,circle,no
58,shape,49,no,3,4.5775,6.7378,blue,circle,no
58,shape,49,no,4,4.2934,0.3880,blue,circle,no
58,shape,49,no,5,5.4497,5.5848,blue,circle,no
58,shape,49,no,6,6.4527,2.3502,blue,circle,no
58,shape,49,no,7,3.2577,2.6018,blue,circle,no
58,shape,49,no,8,6.7096,3.5248,blue,circle,no
58,shape,49,no,9,2.6131,3.5296,blue,circle,no
58,shape,49,no,10,2.5415,5.4237,blue,circle,no
58,shape,49,no,11,3.6578,5.3631,blue,circle,no
58,shape,49,no,12,5.7315,4.4774,blue,circle,no
58,shape,49,no,13,2.4520,4.2523,blue,circle,no
58,shape,49,no,14,1.3375,3.5031,blue,circle,no
58,shape,49,no,15,3.5293,4.5016,blue,circle,no
58,shape,49,no,16,2.4200,2.3085,blue,circle,no
58,shape,49,no,17,4.5066,2.3788,blue,circle,no
58,shape,49,no,18,5.5190,1.6467,blue,circle,no
58,shape,49,no,19,1.3751,0.4714,blue,circle,no
58,shape,49,no,20,3.4385,6.4918,blue,circle,no
58,shape,49,no,21,4.3716,5.4198,blue,circle,no
58,shape,49,no,22,4.6378,1.5908,blue,circle,no
58,shape,49,no,23,5.6983,6.6810,blue,circle,no
58,shape,49,no,24,1.4910,1.3789,blue,circle,no
58,shape,49,no,25,5.4413,3.6443,blue,circle,no
58,shape,49,no,26,2.3602,0.6006,blue,circle,no
58,shape,49,no,27,6.6501,5.4562,blue,circle,no
58,shape,49,no,28,5.4265,2.5178,blue,circle,no
58,shape,49,no,29,1.6004,4.3817,blue,circle,no
58,shape,49,no,30,1.3936,2.4495,blue,circle,no
58,shape,49,no,31,2.6244,1.4210,blue,circle,no
58,shape,49,no,32,5.5273,0.3392,blue,circle,no
58,shape,49,no,33,0.4069,0.3593,blue,circle,no
58,shape,49,no,34,3.5369,3.3414,blue,circle,no
58,shape,49,no,35,1.6231,6.7151,blue,circle,no
58,shape,49,no,36,3.3451,0.6186,blue,circle,no
58,shape,49,no,37,0.3674,5.3710,blue,circle,no
58,shape,49,no,38,0.3827,3.3646,blue,circle,no
58,shape,49,no,39,4.6675,3.6682,blue,circle,no
58,shape,49,no,40,4.4280,4.6395,blue,circle,no
58,shape,49,no,41,6.3099,1.2892,blue,circle,no
58,shape,49,no,42,6.7279,0.4963,blue,circle,no
58,shape,49,no,43,3.2533,1.6785,blue,circle,no
58,shape,49,no,44,2.7290,6.6740,blue,circle,no
58,shape,49,no,45,0.4356,4.4077,blue,circle,no
58,shape,49,no,46,0.6991,2.6905,blue,circle,no
58,shape,49,no,47,0.5373,1.3874,blue,circle,no
58,shape,49,no,48,0.3414,6.6321,blue,circle,no
59,shape,49,no,0,3.4325,3.4503,blue,circle,no
59,shape,49,no,1,2.4754,5.5357,blue,circle,no
59,shape,49,no,2,5.7396,6.5930,blue,circle,no
59,shape,49,no,3,5.6571,3.6104,blue,circle,no
59,shape,49,no,4,6.6520,2.5277,blue,circle,no
59,shape,49,no,5,2.6782,3.3480,blue,circle,no
59,shape,49,no,6,1.6500,0.6193,blue,circle,no
59,shape,49,no,7,0.4865,4.2549,blue,circle,no
59,shape,49,no,8,1.4608,2.3172,blue,circle,no
59,shape,49,no,9,2.6966,1.5653,blue,circle,no
59,shape,49,no,10,3.5170,4.4079,blue,circle,no
59,shape,49,no,11,6.4933,1.3755,blue,circle,no
59,shape,49,no,12,5.6793,2.2739,blue,circle,no
59,shape,49,no,13,4.2995,0.3317,blue,circle,no
59,shape,49,no,14,2.3577,6.3771,blue,circle,no
59,shape,49,no,15,5.6695,0.2982,blue,circle,no
59,shape,49,no,16,1.6223,6.3799,blue,circle,no
59,shape,49,no,17,6.4302,5.5287,blue,circle,no
59,shape,49,no,18,5.6550,5.4221,blue,circle,no
59,shape,49,no,19,0.4559,6.4255,blue,circle,no
59,shape,49,no,20,4.5898,2.5528,blue,circle,no
59,shape,49,no,21,5.5384,1.5749,blue,circle,no
59,shape,49,no,22,6.5192,0.7397,blue,circle,no
59,shape,49,no,23,0.3923,3.4125,blue,circle,no
59,shape,49,no,24,3.5052,5.6374,blue,circle,no
59,shape,49,no,25,0.4735,0.2892,blue,circle,no
59,shape,49,no,26,4.5568,5.4819,blue,circle,no
59,shape,49,no,27,3.7283,1.6841,blue,circle,no
59,shape,49,no,28,3.5703,6.7143,blue,circle,no
59,shape,49,no,29,2.4609,2.5562,blue,circle,no
59,shape,49,no,30,0.4524,5.7035,blue,circle,no
59,shape,49,no,31,0.2896,1.4218,blue,circle,no
59,shape,49,no,32,1.4067,4.5765,blue,circle,no
59,shape,49,no,33,4.6052,1.5527,blue,circle,no
59,shape,49,no,34,4.4477,6.6938,blue,circle,no
59,shape,49,no,35,1.6405,3.7194,blue,circle,no
59,shape,49,no,36,6.6239,6.5105,blue,circle,no
59,shape,49,no,37,2.4751,0.3337,blue,circle,no
59,shape,49,no,38,6.6771,4.3125,blue,circle,no
59,shape,49,no,39,2.3673,4.3758,blue,circle,no
59,shape,49,no,40,6.6219,3.6249,blue,circle,no
59,shape,49,no,41,5.3553,4.4485,blue,circle,no
59,shape,49,no,42,3.2978,0.7184,blue,circle,no
59,shape,49,no,43,1.4866,1.2769,blue,circle,no
59,shape,49,no,44,1.6355,5.5120,blue,circle,no
59,shape,49,no,45,0.7480,2.3020,blue,circle,no
59,shape,49,no,46,4.5591,3.2922,blue,circle,no
59,shape,49,no,47,3.7158,2.4449,blue,circle,no
59,shape,49,no,48,4.3647,4.6188,blue,circle,no
60,shape,49,no,0,3.5939,0.4960,blue,circle,no
60,shape,49,no,1,6.6277,3.3998,blue,circle,no
60,shape,49,no,2,5.6329,3.6490,blue,circle,no
60,shape,49,no,3,5.5485,1.6484,blue,circle,no
60,shape,49,no,4,1.5241,6.3443,blue,circle,no
60,shape,49,no,5,0.6911,6.4686,blue,circle,no
60,shape,49,no,6,0.3749,3.6075,blue,circle,no
60,shape,49,no,7,2.5730,6.6642,blue,circle,no
60,shape,49,no,8,0.3603,0.2896,blue,circle,no
60,shape,49,no,9,3.5627,4.5083,blue,circle,no
60,shape,49,no,10,4.6500,3.5566,blue,circle,no
60,shape,49,no,11,5.5970,2.3859,blue,circle,no
60,shape,49,no,12,6.5742,0.5160,blue,circle,no
60,shape,49,no,13,5.3844,0.3440,blue,circle,no
60,shape,49,no,14,4.2842,0.3183,blue,circle,no
60,shape,49,no,15,0.3052,2.4777,blue,circle,no
60,shape,49,no,16,6.4764,5.6002,blue,circle,no
60,shape,49,no,17,0.4960,1.4103,blue,circle,no
60,shape,49,no,18,5.3261,6.7349,blue,circle,no
60,shape,49,no,19,1.2611,2.7362,blue,circle,no
60,shape,49,no,20,4.3911,4.3125,blue,circle,no
60,shape,49,no,21,2.4692,1.2541,blue,circle,no
60,shape,49,no,22,0.2951,5.2574,blue,circle,no
60,shape,49,no,23,3.3586,3.4601,blue,circle,no
60,shape,49,no,24,1.6429,5.4992,blue,circle,no
60,shape,49,no,25,2.4357,2.5985,blue,circle,no
60,shape,49,no,26,6.2659,1.2901,blue,circle,no
60,shape,49,no,27,4.6253,2.3230,blue,circle,no
60,shape,49,no,28,3.3833,5.4462,blue,circle,no
60,shape,49,no,29,2.5216,3.3408,blue,circle,no
60,shape,49,no,30,4.6978,5.3750,blue,circle,no
60,shape,49,no,31,2.4408,5.2563,blue,circle,no
60,shape,49,no,32,4.7373,1.6073,blue,circle,no
60,shape,49,no,33,3.4424,6.7375,blue,circle,no
60,shape,49,no,34,6.3736,6.7473,blue,circle,no
60,shape,49,no,35,3.3496,2.6177,blue,circle,no
60,shape,49,no,36,6.2970,4.5830,blue,circle,no
60,shape,49,no,37,1.3542,4.4446,blue,circle,no
60,shape,49,no,38,2.7306,4.7181,blue,circle,no
60,shape,49,no,39,6.3293,2.6141,blue,circle,no
60,shape,49,no,40,1.6224,3.5248,blue,circle,no
60,shape,49,no,41,2.3111,0.4906,blue,circle,no
60,shape,49,no,42,1.3994,0.4302,blue,circle,no
60,shape,49,no,43,3.2760,1.5833,blue,circle,no
60,shape,49,no,44,5.7366,4.3680,blue,circle,no
60,shape,49,no,45,4.4671,6.2575,blue,circle,no
60,shape,49,no,46,1.6472,1.5423,blue,circle,no
60,shape,49,no,47,5.4479,5.3715,blue,circle,no
60,shape,49,no,48,0.7344,4.5405,blue,circle,no
61,conjunction,9,yes,0,0.7154,2.7485,red,square,no
61,conjunction,9,yes,1,2.5626,1.2799,blue,circle,no
61,conjunction,9,yes,2,0.5723,1.6007,red,square,no
61,conjunction,9,yes,3,1.6457,1.3129,blue,circle,no
61,conjunction,9,yes,4,1.3663,0.7408,red,square,no
61,conjunction,9,yes,5,0.6443,0.6283,red,circle,yes
61,conjunction,9,yes,6,2.6528,2.4694,red,square,no
61,conjunction,9,yes,7,2.3465,0.5946,blue,circle,no
61,conjunction,9,yes,8,1.4291,2.3174,red,square,no
62,conjunction,9,yes,0,2.5334,2.5218,red,square,no
62,conjunction,9,yes,1,1.4118,0.4842,blue,circle,no
62,conjunction,9,yes,2,0.6838,2.5493,red,square,no
62,conjunction,9,yes,3,2.6803,0.3302,red,circle,yes
62,conjunction,9,yes,4,1.5156,1.4747,red,square,no
62,conjunction,9,yes,5,0.6597,1.5208,blue,circle,no
62,conjunction,9,yes,6,2.4770,1.6380,red,square,no
62,conjunction,9,yes,7,1.5030,2.6168,blue,circle,no
62,conjunction,9,yes,8,0.6915,0.5599,red,square,no
63,conjunction,9,yes,0,0.3271,2.3916,red,square,no
63,conjunction,9,yes,1,1.4549,0.4110,blue,circle,no
63,conjunction,9,yes,2,1.2981,1.5794,red,square,no
63,conjunction,9,yes,3,1.2719,2.7189,blue,circle,no
63,conjunction,9,yes,4,0.3393,0.2656,red,square,no
63,conjunction,9,yes,5,2.3035,2.3458,blue,circle,no
63,conjunction,9,yes,6,2.2659,0.5709,red,square,no
63,conjunction,9,yes,7,0.4443,1.4950,blue,circle,no
63,conjunction,9,yes,8,2.5620,1.5452,red,circle,yes
64,conjunction,9,no,0,2.7142,0.6660,red,square,no
64,conjunction,9,no,1,0.4840,2.5695,blue,circle,no
64,conjunction,9,no,2,0.4305,1.6217,red,square,no
64,conjunction,9,no,3,1.6952,2.6610,blue,circle,no
64,conjunction,9,no,4,2.6471,2.2792,red,square,no
64,conjunction,9,no,5,1.5585,1.5145,blue,circle,no
64,conjunction,9,no,6,1.6172,0.6672,red,square,no
64,conjunction,9,no,7,2.2890,1.3580,blue,circle,no
64,conjunction,9,no,8,0.5097,0.3006,red,square,no
65,conjunction,9,no,0,2.5292,2.5291,red,square,no
65,conjunction,9,no,1,0.6231,0.6331,blue,circle,no
65,conjunction,9,no,2,2.5383,0.5872,red,square,no
65,conjunction,9,no,3,2.6013,1.4635,blue,circle,no
65,conjunction,9,no,4,1.3021,1.6462,red,square,no
65,conjunction,9,no,5,1.5250,2.5023,blue,circle,no
65,conjunction,9,no,6,1.5788,0.5170,red,square,no
65,conjunction,9,no,7,0.5500,2.7168,blue,circle,no
65,conjunction,9,no,8,0.7012,1.5250,red,square,no
66,conjunction,9,no,0,1.5316,0.3570,red,square,no
66,conjunction,9,no,1,0.6329,0.7131,blue,circle,no
66,conjunction,9,no,2,1.3770,1.7308,red,square,no
66,conjunction,9,no,3,2.4737,0.4485,blue,circle,no
66,conjunction,9,no,4,0.6132,2.7415,red,square,no
66,conjunction,9,no,5,1.5479,2.5088,blue,circle,no
66,conjunction,9,no,6,0.7467,1.4009,red,square,no
66,conjunction,9,no,7,2.4002,2.3609,blue,circle,no
66,conjunction,9,no,8,2.6779,1.2609,red,square,no
67,conjunction,16,yes,0,0.6948,1.3749,red,square,no
67,conjunction,16,yes,1,1.3781,1.4002,blue,circle,no
67,conjunction,16,yes,2,2.5352,1.5345,red,square,no
67,conjunction,16,yes,3,3.3587,1.2886,blue,circle,no
67,conjunction,16,yes,4,3.4123,2.4913,red,square,no
67,conjunction,16,yes,5,3.4941,0.6995,blue,circle,no
67,conjunction,16,yes,6,0.6014,0.6598,red,square,no
67,conjunction,16,yes,7,1.2977,0.5711,blue,circle,no
67,conjunction,16,yes,8,2.2687,0.6542,red,square,no
67,conjunction,16,yes,9,2.4408,2.6401,blue,circle,no
67,conjunction,16,yes,10,1.7109,2.4172,red,square,no
67,conjunction,16,yes,11,0.6899,3.4672,red,circle,yes
67,conjunction,16,yes,12,1.7151,3.3103,red,square,no
67,conjunction,16,yes,13,3.6352,3.6238,blue,circle,no
67,conjunction,16,yes,14,2.6747,3.7143,red,square,no
67,conjunction,16,yes,15,0.5669,2.5661,blue,circle,no
68,conjunction,16,yes,0,2.6264,2.5376,red,square,no
68,conjunction,16,yes,1,3.2950,0.4660,blue,circle,no
68,conjunction,16,yes,2,0.6432,3.3240,red,square,no
68,conjunction,16,yes,3,2.4181,1.4879,blue,circle,no
68,conjunction,16,yes,4,3.6227,3.5241,red,square,no
68,conjunction,16,yes,5,3.3813,1.4493,blue,circle,no
68,conjunction,16,yes,6,2.4672,3.5989,red,square,no
68,conjunction,16,yes,7,3.6310,2.4905,blue,circle,no
68,conjunction,16,yes,8,2.3491,0.4477,red,square,no
68,conjunction,16,yes,9,1.5357,2.5306,blue,circle,no
68,conjunction,16,yes,10,1.7485,3.5121,red,square,no
68,conjunction,16,yes,11,1.3712,1.3831,blue,circle,no
68,conjunction,16,yes,12,0.4650,0.5924,red,square,no
68,conjunction,16,yes,13,0.5380,2.3063,blue,circle,no
68,conjunction,16,yes,14,0.4568,1.4326,red,circle,yes
68,conjunction,16,yes,15,1.3452,0.4223,blue,circle,no
69,conjunction,16,yes,0,1.6198,3.3715,red,square,no
69,conjunction,16,yes,1,3.5605,0.3238,blue,circle,no
69,conjunction,16,yes,2,2.6662,1.3938,red,square,no
69,conjunction,16,yes,3,0.4216,2.6521,red,circle,yes
69,conjunction,16,yes,4,3.4026,2.4856,red,square,no
69,conjunction,16,yes,5,1.4159,0.6200,blue,circle,no
69,conjunction,16,yes,6,3.3559,3.5232,red,square,no
69,conjunction,16,yes,7,2.6252,2.5244,blue,circle,no
69,conjunction,16,yes,8,2.5615,3.7462,red,square,no
69,conjunction,16,yes,9,3.5975,1.5841,blue,circle,no
69,conjunction,16,yes,10,1.4383,2.7030,red,square,no
69,conjunction,16,yes,11,1.5134,1.3777,blue,circle,no
69,conjunction,16,yes,12,2.2801,0.3503,red,square,no
69,conjunction,16,yes,13,0.5983,1.3856,blue,circle,no
69,conjunction,16,yes,14,0.4825,3.7226,red,square,no
69,conjunction,16,yes,15,0.2833,0.5802,blue,circle,no
70,conjunction,16,no,0,0.3432,2.5003,red,square,no
70,conjunction,16,no,1,3.4790,1.7132,blue,circle,no
70,conjunction,16,no,2,2.2607,3.3737,red,square,no
70,conjunction,16,no,3,2.5147,0.4168,blue,circle,no
70,conjunction,16,no,4,0.4467,3.3285,red,square,no
70,conjunction,16,no,5,1.4234,1.4260,blue,circle,no
70,conjunction,16,no,6,3.5626,3.3681,red,square,no
70,conjunction,16,no,7,1.7391,2.5006,blue,circle,no
70,conjunction,16,no,8,3.6559,0.5629,red,square,no
70,conjunction,16,no,9,2.6893,1.6952,blue,circle,no
70,conjunction,16,no,10,2.6574,2.2647,red,square,no
70,conjunction,16,no,11,0.5275,1.3901,blue,circle,no
70,conjunction,16,no,12,0.3259,0.6986,red,square,no
70,conjunction,16,no,13,1.5785,0.2939,blue,circle,no
70,conjunction,16,no,14,1.4411,3.7303,red,square,no
70,conjunction,16,no,15,3.5562,2.5628,blue,circle,no
71,conjunction,16,no,0,1.6813,3.4045,red,square,no
71,conjunction,16,no,1,0.6026,0.5119,blue,circle,no
71,conjunction,16,no,2,3.3176,2.7478,red,square,no
71,conjunction,16,no,3,2.7379,2.3226,blue,circle,no
71,conjunction,16,no,4,0.7165,2.7086,red,square,no
71,conjunction,16,no,5,1.4087,0.5287,blue,circle,no
71,conjunction,16,no,6,0.7243,3.3092,red,square,no
71,conjunction,16,no,7,3.4088,3.6898,blue,circle,no
71,conjunction,16,no,8,1.6135,1.6327,red,square,no
71,conjunction,16,no,9,0.6901,1.4570,blue,circle,no
71,conjunction,16,no,10,2.4556,3.4715,red,square,no
71,conjunction,16,no,11,2.7169,0.6971,blue,circle,no
71,conjunction,16,no,12,1.7166,2.3869,red,square,no
71,conjunction,16,no,13,3.6396,0.3034,blue,circle,no
71,conjunction,16,no,14,2.3424,1.6312,red,square,no
71,conjunction,16,no,15,3.5560,1.3834,blue,circle,no
72,conjunction,16,no,0,3.3420,2.4437,red,square,no
72,conjunction,16,no,1,2.4869,1.3319,blue,circle,no
72,conjunction,16,no,2,2.3631,0.4543,red,square,no
72,conjunction,16,no,3,0.7344,3.7127,blue,circle,no
72,conjunction,16,no,4,2.7251,3.3613,red,square,no
72,conjunction,16,no,5,0.5857,1.3514,blue,circle,no
72,conjunction,16,no,6,0.3523,2.3385,red,square,no
72,conjunction,16,no,7,3.7273,3.4696,blue,circle,no
72,conjunction,16,no,8,1.5585,0.5939,red,square,no
72,conjunction,16,no,9,1.6834,1.6938,blue,circle,no
72,conjunction,16,no,10,0.4638,0.6381,red,square,no
72,conjunction,16,no,11,2.5540,2.6622,blue,circle,no
72,conjunction,16,no,12,1.6101,3.4471,red,square,no
72,conjunction,16,no,13,3.7196,0.5360,blue,circle,no
72,conjunction,16,no,14,1.5181,2.5707,red,square,no
72,conjunction,16,no,15,3.6021,1.2693,blue,circle,no
73,conjunction,25,yes,0,1.7095,2.5950,red,square,no
73,conjunction,25,yes,1,0.7018,1.4818,blue,circle,no
73,conjunction,25,yes,2,4.5731,1.2952,red,square,no
73,conjunction,25,yes,3,4.5003,3.3399,blue,circle,no
73,conjunction,25,yes,4,3.5427,2.6972,red,square,no
73,conjunction,25,yes,5,2.5232,4.4465,blue,circle,no
73,conjunction,25,yes,6,2.4117,0.2625,red,square,no
73,conjunction,25,yes,7,1.4768,1.6983,blue,circle,no
73,conjunction,25,yes,8,0.6979,4.6913,red,square,no
73,conjunction,25,yes,9,4.2951,0.4120,blue,circle,no
73,conjunction,25,yes,10,4.5743,4.6057,red,square,no
73,conjunction,25,yes,11,0.3320,0.6166,blue,circle,no
73,conjunction,25,yes,12,0.2956,2.6031,red,square,no
73,conjunction,25,yes,13,0.5670,3.2927,blue,circle,no
73,conjunction,25,yes,14,3.6036,1.6134,red,square,no
73,conjunction,25,yes,15,3.7376,3.5560,blue,circle,no
73,conjunction,25,yes,16,1.3299,4.5252,red,square,no
73,conjunction,25,yes,17,2.2720,2.3354,blue,circle,no
73,conjunction,25,yes,18,2.4176,3.6857,red,square,no
73,conjunction,25,yes,19,1.6813,3.3311,red,circle,yes
73,conjunction,25,yes,20,2.3223,1.6346,red,square,no
73,conjunction,25,yes,21,1.2757,0.4040,blue,circle,no
73,conjunction,25,yes,22,3.6151,4.7305,red,square,no
73,conjunction,25,yes,23,4.3944,2.3403,blue,circle,no
73,conjunction,25,yes,24,3.6993,0.7302,red,square,no
74,conjunction,25,yes,0,2.5643,0.6601,red,square,no
74,conjunction,25,yes,1,1.3538,0.3424,blue,circle,no
74,conjunction,25,yes,2,3.2775,2.4245,red,square,no
74,conjunction,25,yes,3,2.3227,4.2662,blue,circle,no
74,conjunction,25,yes,4,0.5390,1.5516,red,square,no
74,conjunction,25,yes,5,4.4156,0.2939,blue,circle,no
74,conjunction,25,yes,6,1.3044,3.7469,red,square,no
74,conjunction,25,yes,7,2.3307,2.3922,blue,circle,no
74,conjunction,25,yes,8,1.5805,1.5999,red,square,no
74,conjunction,25,yes,9,1.5361,2.5311,blue,circle,no
74,conjunction,25,yes,10,2.7331,1.6247,red,square,no
74,conjunction,25,yes,11,0.4301,2.2679,blue,circle,no
74,conjunction,25,yes,12,4.6343,1.4114,red,square,no
74,conjunction,25,yes,13,0.6988,4.6601,blue,circle,no
74,conjunction,25,yes,14,3.6292,0.6717,red,square,no
74,conjunction,25,yes,15,3.2825,3.4854,blue,circle,no
74,conjunction,25,yes,16,1.3110,4.6797,red,square,no
74,conjunction,25,yes,17,2.4146,3.4569,blue,circle,no
74,conjunction,25,yes,18,3.3549,4.3545,red,square,no
74,conjunction,25,yes,19,0.2791,3.5357,red,circle,yes
74,conjunction,25,yes,20,4.7397,2.5145,red,square,no
74,conjunction,25,yes,21,4.2938,4.6120,blue,circle,no
74,conjunction,25,yes,22,3.5524,1.6441,red,square,no
74,conjunction,25,yes,23,4.6034,3.4635,blue,circle,no
74,conjunction,25,yes,24,0.6739,0.3798,red,square,no
75,conjunction,25,yes,0,0.2727,2.4248,red,square,no
75,conjunction,25,yes,1,0.6530,1.3562,blue,circle,no
75,conjunction,25,yes,2,3.5703,2.5950,red,square,no
75,conjunction,25,yes,3,2.3772,1.2839,blue,circle,no
75,conjunction,25,yes,4,1.4001,1.5250,red,square,no
75,conjunction,25,yes,5,4.6335,2.3069,blue,circle,no
75,conjunction,25,yes,6,3.4166,1.4480,red,square,no
75,conjunction,25,yes,7,1.5345,0.7301,blue,circle,no
75,conjunction,25,yes,8,0.6660,0.3470,red,square,no
75,conjunction,25,yes,9,2.6669,4.7111,blue,circle,no
75,conjunction,25,yes,10,1.4896,4.4873,red,square,no
75,conjunction,25,yes,11,3.2678,0.3179,blue,circle,no
75,conjunction,25,yes,12,4.3277,1.4803,red,square,no
75,conjunction,25,yes,13,2.6826,0.6980,red,circle,yes
75,conjunction,25,yes,14,2.4812,2.6571,red,square,no
75,conjunction,25,yes,15,2.7139,3.2780,blue,circle,no
75,conjunction,25,yes,16,0.5105,4.5325,red,square,no
75,conjunction,25,yes,17,1.5891,3.5276,blue,circle,no
75,conjunction,25,yes,18,0.2594,3.5387,red,square,no
75,conjunction,25,yes,19,4.4159,4.7081,blue,circle,no
75,conjunction,25,yes,20,3.6479,4.2831,red,square,no
75,conjunction,25,yes,21,4.3247,0.6704,blue,circle,no
75,conjunction,25,yes,22,1.4196,2.4376,red,square,no
75,conjunction,25,yes,23,4.5171,3.3330,blue,circle,no
75,conjunction,25,yes,24,3.5528,3.3437,red,square,no
76,conjunction,25,no,0,1.6495,1.7025,red,square,no
76,conjunction,25,no,1,1.3270,2.4201,blue,circle,no
76,conjunction,25,no,2,3.4917,4.6869,red,square,no
76,conjunction,25,no,3,4.4052,2.4137,blue,circle,no
76,conjunction,25,no,4,3.6347,3.2991,red,square,no
76,conjunction,25,no,5,0.7411,0.5081,blue,circle,no
76,conjunction,25,no,6,1.7464,4.3526,red,square,no
76,conjunction,25,no,7,0.2683,4.4438,blue,circle,no
76,conjunction,25,no,8,2.6824,3.3079,red,square,no
76,conjunction,25,no,9,2.4055,2.2720,blue,circle,no
76,conjunction,25,no,10,4.6741,3.6859,red,square,no
76,conjunction,25,no,11,4.4166,4.6946,blue,circle,no
76,conjunction,25,no,12,4.3016,0.6331,red,square,no
76,conjunction,25,no,13,1.6228,3.2612,blue,circle,no
76,conjunction,25,no,14,0.6292,1.5694,red,square,no
76,conjunction,25,no,15,2.3549,1.3503,blue,circle,no
76,conjunction,25,no,16,0.3933,3.5161,red,square,no
76,conjunction,25,no,17,2.6364,0.5856,blue,circle,no
76,conjunction,25,no,18,3.3863,2.3287,red,square,no
76,conjunction,25,no,19,3.3072,1.7291,blue,circle,no
76,conjunction,25,no,20,1.5298,0.3012,red,square,no
76,conjunction,25,no,21,0.5213,2.5247,blue,circle,no
76,conjunction,25,no,22,2.3855,4.7216,red,square,no
76,conjunction,25,no,23,4.6520,1.5370,blue,circle,no
76,conjunction,25,no,24,3.3356,0.4057,red,square,no
77,conjunction,25,no,0,3.2965,1.6512,red,square,no
77,conjunction,25,no,1,1.5993,3.2986,blue,circle,no
77,conjunction,25,no,2,0.4052,4.5722,red,square,no
77,conjunction,25,no,3,2.6332,4.4853,blue,circle,no
77,conjunction,25,no,4,3.7237,2.3219,red,square,no
77,conjunction,25,no,5,1.6979,2.3790,blue,circle,no
77,conjunction,25,no,6,4.4317,4.3417,red,square,no
77,conjunction,25,no,7,0.7086,1.4152,blue,circle,no
77,conjunction,25,no,8,2.6804,1.4124,red,square,no
77,conjunction,25,no,9,4.4938,1.2827,blue,circle,no
77,conjunction,25,no,10,2.3064,0.4893,red,square,no
77,conjunction,25,no,11,3.6729,3.3911,blue,circle,no
77,conjunction,25,no,12,1.4243,1.5373,red,square,no
77,conjunction,25,no,13,3.5040,4.4528,blue,circle,no
77,conjunction,25,no,14,4.6071,3.3035,red,square,no
77,conjunction,25,no,15,2.5281,2.2855,blue,circle,no
77,conjunction,25,no,16,3.4011,0.4805,red,square,no
77,conjunction,25,no,17,1.5453,4.3693,blue,circle,no
77,conjunction,25,no,18,0.3718,3.3295,red,square,no
77,conjunction,25,no,19,0.4912,0.2830,blue,circle,no
77,conjunction,25,no,20,4.3541,0.5970,red,square,no
77,conjunction,25,no,21,1.4656,0.7401,blue,circle,no
77,conjunction,25,no,22,4.5336,2.4211,red,square,no
77,conjunction,25,no,23,2.5971,3.3365,blue,circle,no
77,conjunction,25,no,24,0.5848,2.6197,red,square,no
78,conjunction,25,no,0,2.6936,3.7016,red,square,no
78,conjunction,25,no,1,4.5681,4.2501,blue,circle,no
78,conjunction,25,no,2,3.3234,1.3246,red,square,no
78,conjunction,25,no,3,3.5156,2.4450,blue,circle,no
78,conjunction,25,no,4,0.5390,0.3478,red,square,no
78,conjunction,25,no,5,2.5908,1.4083,blue,circle,no
78,conjunction,25,no,6,1.5351,3.7066,red,square,no
78,conjunction,25,no,7,0.4023,1.7217,blue,circle,no
78,conjunction,25,no,8,2.4674,2.7413,red,square,no
78,conjunction,25,no,9,1.4221,2.2946,blue,circle,no
78,conjunction,25,no,10,4.2541,1.7432,red,square,no
78,conjunction,25,no,11,1.4521,0.3138,blue,circle,no
78,conjunction,25,no,12,1.3971,1.4346,red,square,no
78,conjunction,25,no,13,4.5244,0.2766,blue,circle,no
78,conjunction,25,no,14,2.6017,0.6604,red,square,no
78,conjunction,25,no,15,0.4296,4.6806,blue,circle,no
78,conjunction,25,no,16,1.6828,4.3676,red,square,no
78,conjunction,25,no,17,0.6011,2.4471,blue,circle,no
78,conjunction,25,no,18,4.4091,2.4414,red,square,no
78,conjunction,25,no,19,4.4408,3.5226,blue,circle,no
78,conjunction,25,no,20,3.5812,4.4874,red,square,no
78,conjunction,25,no,21,3.3441,0.4423,blue,circle,no
78,conjunction,25,no,22,0.7122,3.6700,red,square,no
78,conjunction,25,no,23,3.3271,3.7487,blue,circle,no
78,conjunction,25,no,24,2.5850,4.3171,red,square,no
79,conjunction,36,yes,0,2.7391,1.5341,red,square,no
79,conjunction,36,yes,1,0.6024,2.3066,blue,circle,no
79,conjunction,36,yes,2,4.4908,4.5952,red,circle,yes
79,conjunction,36,yes,3,5.3210,1.6156,blue,circle,no
79,conjunction,36,yes,4,4.7418,5.7418,red,square,no
79,conjunction,36,yes,5,5.6394,2.4825,blue,circle,no
79,conjunction,36,yes,6,4.2891,1.6950,red,square,no
79,conjunction,36,yes,7,1.2942,1.4862,blue,circle,no
79,conjunction,36,yes,8,0.6208,0.7302,red,square,no
79,conjunction,36,yes,9,3.2890,5.5668,blue,circle,no
79,conjunction,36,yes,10,3.6490,2.4062,red,square,no
79,conjunction,36,yes,11,5.2764,4.4218,blue,circle,no
79,conjunction,36,yes,12,3.6393,0.4844,red,square,no
79,conjunction,36,yes,13,2.5063,5.4846,blue,circle,no
79,conjunction,36,yes,14,0.6169,1.4605,red,square,no
79,conjunction,36,yes,15,0.7303,3.6491,blue,circle,no
79,conjunction,36,yes,16,3.3946,3.2677,red,square,no
79,conjunction,36,yes,17,4.7114,2.6247,blue,circle,no
79,conjunction,36,yes,18,0.6135,4.5319,red,square,no
79,conjunction,36,yes,19,5.2807,0.4866,blue,circle,no
79,conjunction,36,yes,20,5.3345,3.2758,red,square,no
79,conjunction,36,yes,21,2.7452,4.6544,blue,circle,no
79,conjunction,36,yes,22,1.5622,3.3934,red,square,no
79,conjunction,36,yes,23,4.2913,3.5028,blue,circle,no
79,conjunction,36,yes,24,2.6757,2.3889,red,square,no
79,conjunction,36,yes,25,1.3163,2.3905,blue,circle,no
79,conjunction,36,yes,26,1.6789,4.2571,red,square,no
79,conjunction,36,yes,27,2.3058,3.3373,blue,circle,no
79,conjunction,36,yes,28,0.5459,5.3256,red,square,no
79,conjunction,36,yes,29,2.4733,0.6539,blue,circle,no
79,conjunction,36,yes,30,5.3806,5.6004,red,square,no
79,conjunction,36,yes,31,3.4925,4.6497,blue,circle,no
79,conjunction,36,yes,32,1.6810,5.4214,red,square,no
79,conjunction,36,yes,33,3.2922,1.3225,blue,circle,no
79,conjunction,36,yes,34,1.7170,0.3271,red,square,no
79,conjunction,36,yes,35,4.4980,0.7468,blue,circle,no
80,conjunction,36,yes,0,1.5914,5.2705,red,square,no
80,conjunction,36,yes,1,4.7089,3.5687,blue,circle,no
80,conjunction,36,yes,2,3.7281,3.4659,red,square,no
80,conjunction,36,yes,3,5.7090,2.6792,blue,circle,no
80,conjunction,36,yes,4,5.4175,4.3835,red,square,no
80,conjunction,36,yes,5,5.2991,5.5772,blue,circle,no
80,conjunction,36,yes,6,0.4456,0.6366,red,square,no
80,conjunction,36,yes,7,1.6245,3.6172,blue,circle,no
80,conjunction,36,yes,8,2.5444,0.3475,red,square,no
80,conjunction,36,yes,9,4.4187,0.5951,blue,circle,no
80,conjunction,36,yes,10,4.3400,2.5238,red,square,no
80,conjunction,36,yes,11,1.5864,4.6658,blue,circle,no
80,conjunction,36,yes,12,3.2560,4.2988,red,square,no
80,conjunction,36,yes,13,2.3020,5.4730,blue,circle,no
80,conjunction,36,yes,14,0.3597,1.3916,red,square,no
80,conjunction,36,yes,15,1.3465,1.2619,blue,circle,no
80,conjunction,36,yes,16,0.2960,5.7193,red,square,no
80,conjunction,36,yes,17,3.5783,1.6677,blue,circle,no
80,conjunction,36,yes,18,4.7252,5.5690,red,square,no
80,conjunction,36,yes,19,0.6040,2.3100,blue,circle,no
80,conjunction,36,yes,20,2.6782,2.3150,red,square,no
80,conjunction,36,yes,21,5.5782,0.6999,blue,circle,no
80,conjunction,36,yes,22,3.5330,5.7336,red,square,no
80,conjunction,36,yes,23,3.6980,0.5978,blue,circle,no
80,conjunction,36,yes,24,2.3767,1.4835,red,square,no
80,conjunction,36,yes,25,2.7181,3.5694,blue,circle,no
80,conjunction,36,yes,26,1.7113,0.3882,red,square,no
80,conjunction,36,yes,27,5.4635,1.7017,blue,circle,no
80,conjunction,36,yes,28,2.6349,4.4117,red,square,no
80,conjunction,36,yes,29,5.3310,3.2870,blue,circle,no
80,conjunction,36,yes,30,0.6386,3.4414,red,square,no
80,conjunction,36,yes,31,1.4163,2.2800,blue,circle,no
80,conjunction,36,yes,32,4.7278,1.3823,red,square,no
80,conjunction,36,yes,33,4.4703,4.4959,red,circle,yes
80,conjunction,36,yes,34,3.7143,2.5552,red,square,no
80,conjunction,36,yes,35,0.3392,4.4960,blue,circle,no
81,conjunction,36,yes,0,4.4422,4.5946,red,circle,yes
81,conjunction,36,yes,1,0.6399,2.3106,blue,circle,no
81,conjunction,36,yes,2,5.5177,1.7458,red,square,no
81,conjunction,36,yes,3,3.4167,3.4014,blue,circle,no
81,conjunction,36,yes,4,2.2776,3.7485,red,square,no
81,conjunction,36,yes,5,5.5735,5.4327,blue,circle,no
81,conjunction,36,yes,6,2.6767,4.4200,red,square,no
81,conjunction,36,yes,7,1.6706,1.6302,blue,circle,no
81,conjunction,36,yes,8,4.3950,2.3516,red,square,no
81,conjunction,36,yes,9,2.5272,5.7338,blue,circle,no
81,conjunction,36,yes,10,5.5804,0.3994,red,square,no
81,conjunction,36,yes,11,5.4451,3.3034,blue,circle,no
81,conjunction,36,yes,12,5.5944,2.4933,red,square,no
81,conjunction,36,yes,13,1.6926,5.4690,blue,circle,no
81,conjunction,36,yes,14,4.3447,1.2678,red,square,no
81,conjunction,36,yes,15,1.2627,4.7482,blue,circle,no
81,conjunction,36,yes,16,1.3692,3.4444,red,square,no
81,conjunction,36,yes,17,4.6464,0.5717,blue,circle,no
81,conjunction,36,yes,18,3.4998,2.7325,red,square,no
81,conjunction,36,yes,19,0.6559,0.7333,blue,circle,no
81,conjunction,36,yes,20,0.2582,5.4196,red,square,no
81,conjunction,36,yes,21,3.4189,5.6105,blue,circle,no
81,conjunction,36,yes,22,0.4528,3.3558,red,square,no
81,conjunction,36,yes,23,0.5769,4.5116,blue,circle,no
81,conjunction,36,yes,24,2.7200,0.6851,red,square,no
81,conjunction,36,yes,25,1.5183,0.6205,blue,circle,no
81,conjunction,36,yes,26,3.3665,0.2860,red,square,no
81,conjunction,36,yes,27,2.6177,1.4944,blue,circle,no
81,conjunction,36,yes,28,4.2595,3.7036,red,square,no
81,conjunction,36,yes,29,2.5592,2.3713,blue,circle,no
81,conjunction,36,yes,30,5.5744,4.2572,red,square,no
81,conjunction,36,yes,31,0.5663,1.7023,blue,circle,no
81,conjunction,36,yes,32,1.6604,2.2986,red,square,no
81,conjunction,36,yes,33,3.5556,4.6677,blue,circle,no
81,conjunction,36,yes,34,4.2820,5.6587,red,square,no
81,conjunction,36,yes,35,3.3071,1.5475,blue,circle,no
82,conjunction,36,no,0,2.6455,1.5661,red,square,no
82,conjunction,36,no,1,1.4381,1.3289,blue,circle,no
82,conjunction,36,no,2,3.6898,2.2904,red,square,no
82,conjunction,36,no,3,0.2536,0.7131,blue,circle,no
82,conjunction,36,no,4,5.6034,4.5469,red,square,no
82,conjunction,36,no,5,1.3919,2.5968,blue,circle,no
82,conjunction,36,no,6,0.6461,4.4880,red,square,no
82,conjunction,36,no,7,3.3134,1.3215,blue,circle,no
82,conjunction,36,no,8,4.3855,2.4752,red,square,no
82,conjunction,36,no,9,5.3696,1.3373,blue,circle,no
82,conjunction,36,no,10,4.5958,3.5481,red,square,no
82,conjunction,36,no,11,2.6086,0.5560,blue,circle,no
82,conjunction,36,no,12,2.2940,3.6632,red,square,no
82,conjunction,36,no,13,5.4006,5.4594,blue,circle,no
82,conjunction,36,no,14,4.5289,4.3460,red,square,no
82,conjunction,36,no,15,1.7433,3.7384,blue,circle,no
82,conjunction,36,no,16,5.5595,0.6814,red,square,no
82,conjunction,36,no,17,1.7434,0.5038,blue,circle,no
82,conjunction,36,no,18,0.4821,1.5632,red,square,no
82,conjunction,36,no,19,0.3541,5.2765,blue,circle,no
82,conjunction,36,no,20,4.3063,5.3246,red,square,no
82,conjunction,36,no,21,5.6719,2.7057,blue,circle,no
82,conjunction,36,no,22,0.4988,3.3299,red,square,no
82,conjunction,36,no,23,2.7113,5.2770,blue,circle,no
82,conjunction,36,no,24,3.4321,0.3548,red,square,no
82,conjunction,36,no,25,4.3757,1.5584,blue,circle,no
82,conjunction,36,no,26,3.6950,5.4766,red,square,no
82,conjunction,36,no,27,1.3022,5.2762,blue,circle,no
82,conjunction,36,no,28,5.5187,3.3290,red,square,no
82,conjunction,36,no,29,2.2645,4.5075,blue,circle,no
82,conjunction,36,no,30,1.2854,4.3676,red,square,no
82,conjunction,36,no,31,3.4724,3.5399,blue,circle,no
82,conjunction,36,no,32,3.4595,4.6235,red,square,no
82,conjunction,36,no,33,0.6992,2.3650,blue,circle,no
82,conjunction,36,no,34,4.3051,0.3639,red,square,no
82,conjunction,36,no,35,2.3686,2.4563,blue,circle,no
83,conjunction,36,no,0,1.3599,1.3976,red,square,no
83,conjunction,36,no,1,4.3284,4.6473,blue,circle,no
83,conjunction,36,no,2,5.7264,2.7028,red,square,no
83,conjunction,36,no,3,5.5391,4.5264,blue,circle,no
83,conjunction,36,no,4,3.3649,4.4558,red,square,no
83,conjunction,36,no,5,1.5109,5.6811,blue,circle,no
83,conjunction,36,no,6,4.3582,1.4867,red,square,no
83,conjunction,36,no,7,3.4814,3.2573,blue,circle,no
83,conjunction,36,no,8,4.4641,5.6863,red,square,no
83,conjunction,36,no,9,4.3739,2.4671,blue,circle,no
83,conjunction,36,no,10,3.3612,1.7137,red,square,no
83,conjunction,36,no,11,0.7231,0.7069,blue,circle,no
83,conjunction,36,no,12,2.6991,0.4589,red,square,no
83,conjunction,36,no,13,4.2721,3.7456,blue,circle,no
83,conjunction,36,no,14,3.6167,0.5021,red,square,no
83,conjunction,36,no,15,2.4628,1.4472,blue,circle,no
83,conjunction,36,no,16,2.6549,3.5983,red,square,no
83,conjunction,36,no,17,1.2990,4.4976,blue,circle,no
83,conjunction,36,no,18,5.2915,3.6265,red,square,no
83,conjunction,36,no,19,2.5966,4.4533,blue,circle,no
83,conjunction,36,no,20,5.3590,1.4292,red,square,no
83,conjunction,36,no,21,5.3695,5.7495,blue,circle,no
83,conjunction,36,no,22,5.2580,0.5845,red,square,no
83,conjunction,36,no,23,3.3309,5.4796,blue,circle,no
83,conjunction,36,no,24,1.5352,3.5418,red,square,no
83,conjunction,36,no,25,0.7382,1.4819,blue,circle,no
83,conjunction,36,no,26,2.3193,5.6016,red,square,no
83,conjunction,36,no,27,1.3425,2.6858,blue,circle,no
83,conjunction,36,no,28,1.5634,0.6020,red,square,no
83,conjunction,36,no,29,3.2507,2.5637,blue,circle,no
83,conjunction,36,no,30,0.4424,3.5954,red,square,no
83,conjunction,36,no,31,0.5155,5.3983,blue,circle,no
83,conjunction,36,no,32,4.6264,0.5990,red,square,no
83,conjunction,36,no,33,2.5563,2.5376,blue,circle,no
83,conjunction,36,no,34,0.3536,4.5923,red,square,no
83,conjunction,36,no,35,0.5602,2.4178,blue,circle,no
84,conjunction,36,no,0,0.2817,4.4226,red,square,no
84,conjunction,36,no,1,0.4931,0.5133,blue,circle,no
84,conjunction,36,no,2,1.3114,2.6049,red,square,no
84,conjunction,36,no,3,4.5892,4.5164,blue,circle,no
84,conjunction,36,no,4,3.3961,4.5605,red,square,no
84,conjunction,36,no,5,0.6500,3.7227,blue,circle,no
84,conjunction,36,no,6,4.6544,3.7204,red,square,no
84,conjunction,36,no,7,3.2828,5.6960,blue,circle,no
84,conjunction,36,no,8,0.4789,5.2901,red,square,no
84,conjunction,36,no,9,4.6990,5.3942,blue,circle,no
84,conjunction,36,no,10,3.7283,1.3047,red,square,no
84,conjunction,36,no,11,3.3880,2.5985,blue,circle,no
84,conjunction,36,no,12,4.4982,2.6875,red,square,no
84,conjunction,36,no,13,2.5103,4.5636,blue,circle,no
84,conjunction,36,no,14,2.3966,1.7348,red,square,no
84,conjunction,36,no,15,1.5207,5.3160,blue,circle,no
84,conjunction,36,no,16,4.4234,1.4719,red,square,no
84,conjunction,36,no,17,4.5723,0.3958,blue,circle,no
84,conjunction,36,no,18,0.2815,1.6859,red,square,no
84,conjunction,36,no,19,3.3662,3.7237,blue,circle,no
84,conjunction,36,no,20,2.5723,0.4558,red,square,no
84,conjunction,36,no,21,5.4214,2.5730,blue,circle,no
84,conjunction,36,no,22,2.4132,3.5467,red,square,no
84,conjunction,36,no,23,5.5984,0.6710,blue,circle,no
84,conjunction,36,no,24,1.4726,4.4020,red,square,no
84,conjunction,36,no,25,5.3160,4.6447,blue,circle,no
84,conjunction,36,no,26,1.3359,0.3800,red,square,no
84,conjunction,36,no,27,1.4921,3.7354,blue,circle,no
84,conjunction,36,no,28,2.6349,2.2737,red,square,no
84,conjunction,36,no,29,5.4266,1.4780,blue,circle,no
84,conjunction,36,no,30,0.3332,2.7121,red,square,no
84,conjunction,36,no,31,1.6059,1.3926,blue,circle,no
84,conjunction,36,no,32,5.7366,5.6697,red,square,no
84,conjunction,36,no,33,5.5964,3.5832,blue,circle,no
84,conjunction,36,no,34,2.3267,5.3690,red,square,no
84,conjunction,36,no,35,3.2706,0.4083,blue,circle,no
85,conjunction,49,yes,0,6.5588,5.3602,red,square,no
85,conjunction,49,yes,1,3.4287,0.4132,blue,circle,no
85,conjunction,49,yes,2,6.5541,0.3476,red,square,no
85,conjunction,49,yes,3,6.5132,6.6406,blue,circle,no
85,conjunction,49,yes,4,0.6335,3.3479,red,square,no
85,conjunction,49,yes,5,5.2918,4.6747,blue,circle,no
85,conjunction,49,yes,6,1.5885,6.7288,red,square,no
85,conjunction,49,yes,7,4.7379,5.4472,blue,circle,no
85,conjunction,49,yes,8,4.4952,3.5516,red,square,no
85,conjunction,49,yes,9,3.5058,4.2780,blue,circle,no
85,conjunction,49,yes,10,5.5834,0.4488,red,square,no
85,conjunction,49,yes,11,4.6080,4.4638,blue,circle,no
85,conjunction,49,yes,12,2.4431,6.2561,red,square,no
85,conjunction,49,yes,13,5.4225,5.4040,blue,circle,no
85,conjunction,49,yes,14,2.4728,4.5305,red,square,no
85,conjunction,49,yes,15,2.3578,5.6939,blue,circle,no
85,conjunction,49,yes,16,4.6208,2.4578,red,square,no
85,conjunction,49,yes,17,1.4713,5.3319,blue,circle,no
85,conjunction,49,yes,18,3.6140,5.6989,red,square,no
85,conjunction,49,yes,19,6.6143,3.4571,blue,circle,no
85,conjunction,49,yes,20,4.6678,6.5490,red,square,no
85,conjunction,49,yes,21,3.3218,2.4016,blue,circle,no
85,conjunction,49,yes,22,0.7442,0.5127,red,square,no
85,conjunction,49,yes,23,5.4177,3.7166,blue,circle,no
85,conjunction,49,yes,24,0.5453,6.4379,red,square,no
85,conjunction,49,yes,25,0.2533,2.5694,red,circle,yes
85,conjunction,49,yes,26,4.3867,0.3374,red,square,no
85,conjunction,49,yes,27,3.4811,3.5340,blue,circle,no
85,conjunction,49,yes,28,1.7074,2.3496,red,square,no
85,conjunction,49,yes,29,1.6661,4.3947,blue,circle,no
85,conjunction,49,yes,30,5.4953,1.6614,red,square,no
85,conjunction,49,yes,31,1.4010,0.5426,blue,circle,no
85,conjunction,49,yes,32,0.4971,1.6199,red,square,no
85,conjunction,49,yes,33,5.3623,2.6456,blue,circle,no
85,conjunction,49,yes,34,3.3270,1.4001,red,square,no
85,conjunction,49,yes,35,6.5703,4.5683,blue,circle,no
85,conjunction,49,yes,36,5.3121,6.5830,red,square,no
85,conjunction,49,yes,37,3.3938,6.3397,blue,circle,no
85,conjunction,49,yes,38,2.7034,1.5724,red,square,no
85,conjunction,49,yes,39,1.2642,3.6324,blue,circle,no
85,conjunction,49,yes,40,6.4965,2.7353,red,square,no
85,conjunction,49,yes,41,2.5494,0.4309,blue,circle,no
85,conjunction,49,yes,42,0.4902,5.4680,red,square,no
85,conjunction,49,yes,43,6.3790,1.5930,blue,circle,no
85,conjunction,49,yes,44,4.7371,1.6591,red,square,no
85,conjunction,49,yes,45,2.4366,3.6165,blue,circle,no
85,conjunction,49,yes,46,2.2588,2.3798,red,square,no
85,conjunction,49,yes,47,0.5408,4.3231,blue,circle,no
85,conjunction,49,yes,48,1.4805,1.5966,red,square,no
86,conjunction,49,yes,0,6.4802,2.2882,red,square,no
86,conjunction,49,yes,1,0.6594,4.7117,blue,circle,no
86,conjunction,49,yes,2,3.4898,3.4058,red,square,no
86,conjunction,49,yes,3,6.4313,4.6585,blue,circle,no
86,conjunction,49,yes,4,6.6949,1.5488,red,square,no
86,conjunction,49,yes,5,1.6318,0.4210,blue,circle,no
86,conjunction,49,yes,6,1.6049,2.2644,red,square,no
86,conjunction,49,yes,7,0.6573,2.3612,blue,circle,no
86,conjunction,49,yes,8,5.6784,2.3212,red,square,no
86,conjunction,49,yes,9,0.3633,5.3127,blue,circle,no
86,conjunction,49,yes,10,0.3151,1.2893,red,square,no
86,conjunction,49,yes,11,5.5954,0.6420,blue,circle,no
86,conjunction,49,yes,12,2.2889,2.6373,red,square,no
86,conjunction,49,yes,13,2.6287,6.2713,blue,circle,no
86,conjunction,49,yes,14,2.3039,0.6465,red,square,no
86,conjunction,49,yes,15,0.5067,0.2796,blue,circle,no
86,conjunction,49,yes,16,1.3095,5.3765,red,square,no
86,conjunction,49,yes,17,6.2831,5.5838,blue,circle,no
86,conjunction,49,yes,18,3.6273,5.6412,red,square,no
86,conjunction,49,yes,19,2.7100,4.3527,blue,circle,no
86,conjunction,49,yes,20,0.7006,6.3424,red,square,no
86,conjunction,49,yes,21,2.4258,5.2954,blue,circle,no
86,conjunction,49,yes,22,4.6729,3.7209,red,square,no
86,conjunction,49,yes,23,1.7244,1.4239,blue,circle,no
86,conjunction,49,yes,24,2.3303,1.5003,red,square,no
86,conjunction,49,yes,25,0.6143,3.3709,blue,circle,no
86,conjunction,49,yes,26,1.5351,6.2996,red,circle,yes
86,conjunction,49,yes,27,1.5391,4.2570,blue,circle,no
86,conjunction,49,yes,28,6.3585,3.3458,red,square,no
86,conjunction,49,yes,29,3.3909,4.7008,blue,circle,no
86,conjunction,49,yes,30,3.5186,6.7368,red,square,no
86,conjunction,49,yes,31,5.2993,6.3570,blue,circle,no
86,conjunction,49,yes,32,6.5021,0.6039,red,square,no
86,conjunction,49,yes,33,4.4332,1.5447,blue,circle,no
86,conjunction,49,yes,34,5.4698,1.7289,red,square,no
86,conjunction,49,yes,35,4.3404,4.4274,blue,circle,no
86,conjunction,49,yes,36,4.4398,0.3571,red,square,no
86,conjunction,49,yes,37,5.3638,4.3064,blue,circle,no
86,conjunction,49,yes,38,4.7423,5.3118,red,square,no
86,conjunction,49,yes,39,4.3052,2.3180,blue,circle,no
86,conjunction,49,yes,40,4.6311,6.6024,red,square,no
86,conjunction,49,yes,41,6.5286,6.2703,blue,circle,no
86,conjunction,49,yes,42,5.4141,5.3079,red,square,no
86,conjunction,49,yes,43,5.3918,3.5502,blue,circle,no
86,conjunction,49,yes,44,2.4060,3.7381,red,square,no
86,conjunction,49,yes,45,3.4720,2.5270,blue,circle,no
86,conjunction,49,yes,46,3.3953,0.6777,red,square,no
86,conjunction,49,yes,47,3.3444,1.2848,blue,circle,no
86,conjunction,49,yes,48,1.6705,3.4878,red,square,no
87,conjunction,49,yes,0,3.3654,5.7212,red,square,no
87,conjunction,49,yes,1,1.2649,3.6189,blue,circle,no
87,conjunction,49,yes,2,1.6652,0.4991,red,square,no
87,conjunction,49,yes,3,2.2634,2.3395,blue,circle,no
87,conjunction,49,yes,4,3.5523,6.4135,red,square,no
87,conjunction,49,yes,5,3.4014,3.5616,blue,circle,no
87,conjunction,49,yes,6,0.6301,3.5805,red,square,no
87,conjunction,49,yes,7,2.5100,0.4961,blue,circle,no
87,conjunction,49,yes,8,2.4830,6.3968,red,square,no
87,conjunction,49,yes,9,3.4989,2.5024,blue,circle,no
87,conjunction,49,yes,10,0.5212,2.6547,red,square,no
87,conjunction,49,yes,11,6.5203,3.2588,blue,circle,no
87,conjunction,49,yes,12,1.6320,5.7454,red,square,no
87,conjunction,49,yes,13,5.6901,5.3096,blue,circle,no
87,conjunction,49,yes,14,5.4751,6.6764,red,square,no
87,conjunction,49,yes,15,2.4713,4.2680,blue,circle,no
87,conjunction,49,yes,16,6.3384,4.5797,red,square,no
87,conjunction,49,yes,17,6.6397,2.6924,blue,circle,no
87,conjunction,49,yes,18,5.3321,3.4653,red,square,no
87,conjunction,49,yes,19,4.4062,2.4445,blue,circle,no
87,conjunction,49,yes,20,1.6320,1.5344,red,square,no
87,conjunction,49,yes,21,1.4953,2.5269,blue,circle,no
87,conjunction,49,yes,22,6.5197,1.4849,red,square,no
87,conjunction,49,yes,23,2.5311,5.3282,blue,circle,no
87,conjunction,49,yes,24,3.2779,0.3817,red,square,no
87,conjunction,49,yes,25,5.5455,1.4389,blue,circle,no
87,conjunction,49,yes,26,5.5882,2.6332,red,square,no
87,conjunction,49,yes,27,1.3922,4.2807,blue,circle,no
87,conjunction,49,yes,28,4.5452,4.3141,red,square,no
87,conjunction,49,yes,29,4.4332,5.6548,blue,circle,no
87,conjunction,49,yes,30,4.5420,6.6326,red,square,no
87,conjunction,49,yes,31,4.5626,0.4403,red,circle,yes
87,conjunction,49,yes,32,3.4641,1.7460,red,square,no
87,conjunction,49,yes,33,0.4560,6.2782,blue,circle,no
87,conjunction,49,yes,34,0.3721,5.3673,red,square,no
87,conjunction,49,yes,35,6.4060,5.2925,blue,circle,no
87,conjunction,49,yes,36,2.5940,1.6845,red,square,no
87,conjunction,49,yes,37,0.3072,1.3349,blue,circle,no
87,conjunction,49,yes,38,5.5192,0.2687,red,square,no
87,conjunction,49,yes,39,5.5789,4.4612,blue,circle,no
87,conjunction,49,yes,40,0.5074,4.4606,red,square,no
87,conjunction,49,yes,41,4.2602,3.4848,blue,circle,no
87,conjunction,49,yes,42,6.2611,0.4083,red,square,no
87,conjunction,49,yes,43,3.5352,4.4112,blue,circle,no
87,conjunction,49,yes,44,6.2989,6.4942,red,square,no
87,conjunction,49,yes,45,0.5954,0.3530,blue,circle,no
87,conjunction,49,yes,46,4.4984,1.6557,red,square,no
87,conjunction,49,yes,47,2.5837,3.3333,blue,circle,no
87,conjunction,49,yes,48,1.3998,6.7347,red,square,no
88,conjunction,49,no,0,2.3565,4.7311,red,square,no
88,conjunction,49,no,1,4.6211,6.4836,blue,circle,no
88,conjunction,49,no,2,3.7186,3.5164,red,square,no
88,conjunction,49,no,3,1.5572,0.6346,blue,circle,no
88,conjunction,49,no,4,6.4669,6.5331,red,square,no
88,conjunction,49,no,5,0.5634,5.5111,blue,circle,no
88,conjunction,49,no,6,0.4321,0.3239,red,square,no
88,conjunction,49,no,7,2.3252,3.5927,blue,circle,no
88,conjunction,49,no,8,1.4001,3.4677,red,square,no
88,conjunction,49,no,9,0.4093,1.6651,blue,circle,no
88,conjunction,49,no,10,1.2822,1.3518,red,square,no
88,conjunction,49,no,11,4.4562,5.6619,blue,circle,no
88,conjunction,49,no,12,5.5730,6.3782,red,square,no
88,conjunction,49,no,13,3.5506,5.4529,blue,circle,no
88,conjunction,49,no,14,6.3068,3.3460,red,square,no
88,conjunction,49,no,15,1.3728,4.6636,blue,circle,no
88,conjunction,49,no,16,3.4821,1.5299,red,square,no
88,conjunction,49,no,17,4.4681,4.5735,blue,circle,no
88,conjunction,49,no,18,5.2685,3.3297,red,square,no
88,conjunction,49,no,19,5.3182,4.3792,blue,circle,no
88,conjunction,49,no,20,0.6518,4.5793,red,square,no
88,conjunction,49,no,21,2.3380,1.6763,blue,circle,no
88,conjunction,49,no,22,6.7319,2.4929,red,square,no
88,conjunction,49,no,23,2.2600,0.6798,blue,circle,no
88,conjunction,49,no,24,4.2920,1.5508,red,square,no
88,conjunction,49,no,25,2.6836,6.7003,blue,circle,no
88,conjunction,49,no,26,1.4535,6.4317,red,square,no
88,conjunction,49,no,27,1.5787,2.2952,blue,circle,no
88,conjunction,49,no,28,6.7216,5.6121,red,square,no
88,conjunction,49,no,29,2.3203,5.3060,blue,circle,no
88,conjunction,49,no,30,0.6172,6.7165,red,square,no
88,conjunction,49,no,31,3.5110,6.6645,blue,circle,no
88,conjunction,49,no,32,3.7248,2.7158,red,square,no
88,conjunction,49,no,33,0.3759,3.6923,blue,circle,no
88,conjunction,49,no,34,6.3690,0.3111,red,square,no
88,conjunction,49,no,35,5.6533,0.4146,blue,circle,no
88,conjunction,49,no,36,0.5422,2.4450,red,square,no
88,conjunction,49,no,37,4.6242,3.3680,blue,circle,no
88,conjunction,49,no,38,1.4614,5.3221,red,square,no
88,conjunction,49,no,39,5.3376,2.7350,blue,circle,no
88,conjunction,49,no,40,3.4697,0.3772,red,square,no
88,conjunction,49,no,41,2.5447,2.4952,blue,circle,no
88,conjunction,49,no,42,4.4374,2.7244,red,square,no
88,conjunction,49,no,43,6.4082,1.4619,blue,circle,no
88,conjunction,49,no,44,6.5914,4.7317,red,square,no
88,conjunction,49,no,45,4.6897,0.7185,blue,circle,no
88,conjunction,49,no,46,5.4315,5.6078,red,square,no
88,conjunction,49,no,47,3.6607,4.2605,blue,circle,no
88,conjunction,49,no,48,5.7334,1.5529,red,square,no
89,conjunction,49,no,0,4.5511,6.6567,red,square,no
89,conjunction,49,no,1,4.6189,0.4766,blue,circle,no
89,conjunction,49,no,2,3.2637,5.2760,red,square,no
89,conjunction,49,no,3,4.5708,4.5651,blue,circle,no
89,conjunction,49,no,4,6.6455,5.3180,red,square,no
89,conjunction,49,no,5,4.4503,1.5641,blue,circle,no
89,conjunction,49,no,6,3.4069,6.2911,red,square,no
89,conjunction,49,no,7,3.3289,2.5082,blue,circle,no
89,conjunction,49,no,8,4.7348,5.6653,red,square,no
89,conjunction,49,no,9,0.6316,3.6735,blue,circle,no
89,conjunction,49,no,10,1.5929,3.6463,red,square,no
89,conjunction,49,no,11,6.4097,2.4892,blue,circle,no
89,conjunction,49,no,12,3.6176,4.3803,red,square,no
89,conjunction,49,no,13,5.5937,1.6634,blue,circle,no
89,conjunction,49,no,14,4.6498,2.3493,red,square,no
89,conjunction,49,no,15,5.4572,3.3409,blue,circle,no
89,conjunction,49,no,16,1.6882,5.7224,red,square,no
89,conjunction,49,no,17,1.6922,0.3622,blue,circle,no
89,conjunction,49,no,18,6.7241,1.7116,red,square,no
89,conjunction,49,no,19,3.5736,1.5633,blue,circle,no
89,conjunction,49,no,20,0.7034,2.7371,red,square,no
89,conjunction,49,no,21,5.3491,0.6006,blue,circle,no
89,conjunction,49,no,22,6.3344,0.4505,red,square,no
89,conjunction,49,no,23,6.4645,3.3801,blue,circle,no
89,conjunction,49,no,24,2.2945,5.4340,red,square,no
89,conjunction,49,no,25,5.7236,4.3087,blue,circle,no
89,conjunction,49,no,26,2.6093,0.4676,red,square,no
89,conjunction,49,no,27,2.7100,1.4769,blue,circle,no
89,conjunction,49,no,28,1.5868,1.3093,red,square,no
89,conjunction,49,no,29,2.6068,4.3453,blue,circle,no
89,conjunction,49,no,30,1.6810,4.6411,red,square,no
89,conjunction,49,no,31,4.3940,3.4971,blue,circle,no
89,conjunction,49,no,32,0.3151,0.6782,red,square,no
89,conjunction,49,no,33,5.5500,5.7476,blue,circle,no
89,conjunction,49,no,34,0.3915,4.5886,red,square,no
89,conjunction,49,no,35,1.4592,6.4543,blue,circle,no
89,conjunction,49,no,36,6.3230,4.3951,red,square,no
89,conjunction,49,no,37,0.3809,1.5588,blue,circle,no
89,conjunction,49,no,38,2.7037,3.4348,red,square,no
89,conjunction,49,no,39,5.5921,2.4791,blue,circle,no
89,conjunction,49,no,40,3.2552,3.3166,red,square,no
89,conjunction,49,no,41,0.4116,5.5965,blue,circle,no
89,conjunction,49,no,42,2.5934,2.6067,red,square,no
89,conjunction,49,no,43,1.6042,2.6181,blue,circle,no
89,conjunction,49,no,44,6.3781,6.2976,red,square,no
89,conjunction,49,no,45,2.2794,6.4164,blue,circle,no
89,conjunction,49,no,46,3.3674,0.7041,red,square,no
89,conjunction,49,no,47,0.7484,6.7197,blue,circle,no
89,conjunction,49,no,48,5.7336,6.5491,red,square,no
90,conjunction,49,no,0,4.4078,2.7473,red,square,no
90,conjunction,49,no,1,4.6318,6.3256,blue,circle,no
90,conjunction,49,no,2,1.6765,6.5787,red,square,no
90,conjunction,49,no,3,3.6491,2.2766,blue,circle,no
90,conjunction,49,no,4,2.3243,1.3649,red,square,no
90,conjunction,49,no,5,5.2679,5.3801,blue,circle,no
90,conjunction,49,no,6,6.6030,3.4682,red,square,no
90,conjunction,49,no,7,6.7476,5.7136,blue,circle,no
90,conjunction,49,no,8,5.2704,1.4283,red,square,no
90,conjunction,49,no,9,6.6045,0.4926,blue,circle,no
90,conjunction,49,no,10,5.4965,0.6729,red,square,no
90,conjunction,49,no,11,2.6834,5.3118,blue,circle,no
90,conjunction,49,no,12,1.2968,2.6841,red,square,no
90,conjunction,49,no,13,0.3403,3.3341,blue,circle,no
90,conjunction,49,no,14,0.5044,1.3864,red,square,no
90,conjunction,49,no,15,6.6954,2.5428,blue,circle,no
90,conjunction,49,no,16,1.5418,0.7358,red,square,no
90,conjunction,49,no,17,0.5130,6.5354,blue,circle,no
90,conjunction,49,no,18,3.4582,0.2884,red,square,no
90,conjunction,49,no,19,3.6341,5.5885,blue,circle,no
90,conjunction,49,no,20,5.6937,3.2630,red,square,no
90,conjunction,49,no,21,6.5907,1.5903,blue,circle,no
90,conjunction,49,no,22,6.4471,4.5452,red,square,no
90,conjunction,49,no,23,1.7256,3.6685,blue,circle,no
90,conjunction,49,no,24,2.3269,4.2905,red,square,no
90,conjunction,49,no,25,1.6653,5.5798,blue,circle,no
90,conjunction,49,no,26,4.4770,0.7276,red,square,no
90,conjunction,49,no,27,0.5471,2.2529,blue,circle,no
90,conjunction,49,no,28,0.7349,4.5781,red,square,no
90,conjunction,49,no,29,5.7254,4.4125,blue,circle,no
90,conjunction,49,no,30,1.6158,4.6172,red,square,no
90,conjunction,49,no,31,3.7287,4.5346,blue,circle,no
90,conjunction,49,no,32,2.3557,6.2743,red,square,no
90,conjunction,49,no,33,3.5718,1.4116,blue,circle,no
90,conjunction,49,no,34,3.2778,6.2854,red,square,no
90,conjunction,49,no,35,4.7260,1.4407,blue,circle,no
90,conjunction,49,no,36,6.4494,6.3390,red,square,no
90,conjunction,49,no,37,0.7325,5.6828,blue,circle,no
90,conjunction,49,no,38,1.2946,1.6762,red,square,no
90,conjunction,49,no,39,2.3315,3.6397,blue,circle,no
90,conjunction,49,no,40,4.3925,3.6263,red,square,no
90,conjunction,49,no,41,5.5770,2.3103,blue,circle,no
90,conjunction,49,no,42,3.4954,3.4662,red,square,no
90,conjunction,49,no,43,4.6532,5.4051,blue,circle,no
90,conjunction,49,no,44,4.5925,4.3156,red,square,no
90,conjunction,49,no,45,2.5828,2.6660,blue,circle,no
90,conjunction,49,no,46,0.5063,0.4948,red,square,no
90,conjunction,49,no,47,2.6927,0.4882,blue,circle,no
90,conjunction,49,no,48,5.5315,6.4615,red,square,no
